Workbook

Sheet newreqtype
A1: approute | B1: =A1 & " Interactive" -> approute Interactive | C1: lamdaname | D1: requesttype | E1: taskname | F1: statemachine | G1: parenenttype | H1: requesttype insert | I1: =H1 & " Interactive" -> requesttype insert Interactive | J1: statemachinerepot | K1: app.crontasks | L1: app.cronactions | M1: Comments
A2: 51 | B2: =A2+1 -> 52 | C2: wms-tools-lambda-in-transit-rma-asn | D2: in-transit-rma-asn-7-days | E2: In Transit RMA ASN 7 Days | F2: tbd | G2: (select rt2.requesttypeid from app.requesttype rt2 where rt2.description = 'CRON Scheduling Dashboard') | H2: ="insert into app.requesttype(requesttypeid, approute, description, longdescription) select (select max(r.requesttypeid) from app.requesttype r) + 1 requesttypeid, " & A2 & ", '" & D2 & "', '" & D2 & "' where not exists (select 1 from app.requesttype r2 where r2.approute = " & A2 & " );" -> insert into app.requesttype(requesttypeid, approute, description, longdescription) select (select max(r.requesttypeid) from app.requesttype r) + 1 requesttypeid, 51, 'in-transit-rma-asn-7-days', 'in-transit-rma-asn-7-days' where not exists (select 1 from app.requesttype r2 where r2.approute = 51 ); | I2: ="insert into app.requesttype(requesttypeid, approute, description, longdescription) select (select max(r.requesttypeid) from app.requesttype r) + 1 requesttypeid, " & B2 & ", '" & D2 & " Interactive', '" & D2 & " Interactive' where not exists (select 1 from app.requesttype r2 where r2.approute = " & B2 & " );" -> insert into app.requesttype(requesttypeid, approute, description, longdescription) select (select max(r.requesttypeid) from app.requesttype r) + 1 requesttypeid, 52, 'in-transit-rma-asn-7-days Interactive', 'in-transit-rma-asn-7-days Interactive' where not exists (select 1 from app.requesttype r2 where r2.approute = 52 ); | J2: ="insert into app.statemachinerepo(statemachine, description, requesttypeid) select '" & F2 & "-' || rt.description" & ", '" & F2 & "-' || rt.description" & ", rt.requesttypeid from app.requesttype rt where rt.description = '" & D2 & "' and not exists (select 1 from app.statemachinerepo sr where sr.description = '" & F2 & "-" & D2 & "');" -> insert into app.statemachinerepo(statemachine, description, requesttypeid) select 'tbd-' || rt.description, 'tbd-' || rt.description, rt.requesttypeid from app.requesttype rt where rt.description = 'in-transit-rma-asn-7-days' and not exists (select 1 from app.statemachinerepo sr where sr.description = 'tbd-in-transit-rma-asn-7-days'); | K2: {="insert into app.cronaction (CronTaskId, CronActionTypeId, Payload, CreatedBy, LastUpdatedBy) select c.crontaskid, cat.CronActionTypeId,'{""EmailTextOnError"":""tbd"",""TaskName"":""" & E2 & """, ""StateMachine"":""" & IF(ISNUMBER(SEARCH("DB Alert", E)), "wms-tools-state-machine-db-alert", """ wms-tools-state-machine-" & D2 & "" ) & """, "" Lambda "":"" & C2 & "", ""RequestType"":""" & D2 &"""}','sysuser', 'sysuser' from app.cronactiontype cat, app.crontasks c where c.description = '" & E2 & "' and not exists (select 1 from app.cronaction c2 where c2.crontaskid = c.crontaskid) and cat.description = 'NONE';"} -> insert into app.cronaction (CronTaskId, CronActionTypeId, Payload, CreatedBy, LastUpdatedBy) select c.crontaskid, cat.CronActionTypeId,'{"EmailTextOnError":"tbd","TaskName":"In Transit RMA ASN 7 Days", "StateMachine":"" wms-tools-state-machine-in-transit-rma-asn-7-days", " Lambda ":" & C2 & ", "RequestType":"in-transit-rma-asn-7-days"}','sysuser', 'sysuser' from app.cronactiontype cat, app.crontasks c where c.description = 'In Transit RMA ASN 7 Days' and not exists (select 1 from app.cronaction c2 where c2.crontaskid = c.crontaskid) and cat.description = 'NONE'; | L2: ="insert into app.cronaction (CronTaskId, CronActionTypeId, Payload, CreatedBy, LastUpdatedBy) select c.crontaskid, cat.CronActionTypeId,'{""EmailTextOnError"":""tbd"",""TaskName"":""" & E2 & """, ""StateMachine"":""" & IF(ISNUMBER(SEARCH("DB Alert", E2)), "wms-tools-state-machine-db-alert", """ wms-tools-state-machine-" & D2 & "" ) & """, "" Lambda "":""" & C2 & """, ""RequestType"":""" & D2 &"""}','sysuser', 'sysuser' from app.cronactiontype cat, app.crontasks c where c.description = '" & E2 & "' and not exists (select 1 from app.cronaction c2 where c2.crontaskid = c.crontaskid) and cat.description = 'NONE';" -> insert into app.cronaction (CronTaskId, CronActionTypeId, Payload, CreatedBy, LastUpdatedBy) select c.crontaskid, cat.CronActionTypeId,'{"EmailTextOnError":"tbd","TaskName":"In Transit RMA ASN 7 Days", "StateMachine":"" wms-tools-state-machine-in-transit-rma-asn-7-days", " Lambda ":"wms-tools-lambda-in-transit-rma-asn", "RequestType":"in-transit-rma-asn-7-days"}','sysuser', 'sysuser' from app.cronactiontype cat, app.crontasks c where c.description = 'In Transit RMA ASN 7 Days' and not exists (select 1 from app.cronaction c2 where c2.crontaskid = c.crontaskid) and cat.description = 'NONE';
A3: 53 | B3: =A3+1 -> 54 | C3: wms-tools-lambda-in-transit-rma-asn | D3: in-transit-rma-asn-30-days | E3: In Transit RMA ASN 30 Days | F3: tbd | G3: (select rt2.requesttypeid from app.requesttype rt2 where rt2.description = 'CRON Scheduling Dashboard') | H3: ="insert into app.requesttype(requesttypeid, approute, description, longdescription) select (select max(r.requesttypeid) from app.requesttype r) + 1 requesttypeid, " & A3 & ", '" & D3 & "', '" & D3 & "' where not exists (select 1 from app.requesttype r2 where r2.approute = " & A3 & " );" -> insert into app.requesttype(requesttypeid, approute, description, longdescription) select (select max(r.requesttypeid) from app.requesttype r) + 1 requesttypeid, 53, 'in-transit-rma-asn-30-days', 'in-transit-rma-asn-30-days' where not exists (select 1 from app.requesttype r2 where r2.approute = 53 ); | I3: ="insert into app.requesttype(requesttypeid, approute, description, longdescription) select (select max(r.requesttypeid) from app.requesttype r) + 1 requesttypeid, " & B3 & ", '" & D3 & " Interactive', '" & D3 & " Interactive' where not exists (select 1 from app.requesttype r2 where r2.approute = " & B3 & " );" -> insert into app.requesttype(requesttypeid, approute, description, longdescription) select (select max(r.requesttypeid) from app.requesttype r) + 1 requesttypeid, 54, 'in-transit-rma-asn-30-days Interactive', 'in-transit-rma-asn-30-days Interactive' where not exists (select 1 from app.requesttype r2 where r2.approute = 54 ); | J3: ="insert into app.statemachinerepo(statemachine, description, requesttypeid) select '" & F3 & "-' || rt.description" & ", '" & F3 & "-' || rt.description" & ", rt.requesttypeid from app.requesttype rt where rt.description = '" & D3 & "' and not exists (select 1 from app.statemachinerepo sr where sr.description = '" & F3 & "-" & D3 & "');" -> insert into app.statemachinerepo(statemachine, description, requesttypeid) select 'tbd-' || rt.description, 'tbd-' || rt.description, rt.requesttypeid from app.requesttype rt where rt.description = 'in-transit-rma-asn-30-days' and not exists (select 1 from app.statemachinerepo sr where sr.description = 'tbd-in-transit-rma-asn-30-days'); | K3: {="insert into app.cronaction (CronTaskId, CronActionTypeId, Payload, CreatedBy, LastUpdatedBy) select c.crontaskid, cat.CronActionTypeId,'{""EmailTextOnError"":""tbd"",""TaskName"":""" & E3 & """, ""StateMachine"":""" & IF(ISNUMBER(SEARCH("DB Alert", E)), "wms-tools-state-machine-db-alert", """ wms-tools-state-machine-" & D3 & "" ) & """, "" Lambda "":"" & C2 & "", ""RequestType"":""" & D3 &"""}','sysuser', 'sysuser' from app.cronactiontype cat, app.crontasks c where c.description = '" & E3 & "' and not exists (select 1 from app.cronaction c2 where c2.crontaskid = c.crontaskid) and cat.description = 'NONE';"} -> insert into app.cronaction (CronTaskId, CronActionTypeId, Payload, CreatedBy, LastUpdatedBy) select c.crontaskid, cat.CronActionTypeId,'{"EmailTextOnError":"tbd","TaskName":"In Transit RMA ASN 30 Days", "StateMachine":"" wms-tools-state-machine-in-transit-rma-asn-30-days", " Lambda ":" & C2 & ", "RequestType":"in-transit-rma-asn-30-days"}','sysuser', 'sysuser' from app.cronactiontype cat, app.crontasks c where c.description = 'In Transit RMA ASN 30 Days' and not exists (select 1 from app.cronaction c2 where c2.crontaskid = c.crontaskid) and cat.description = 'NONE'; | L3: ="insert into app.cronaction (CronTaskId, CronActionTypeId, Payload, CreatedBy, LastUpdatedBy) select c.crontaskid, cat.CronActionTypeId,'{""EmailTextOnError"":""tbd"",""TaskName"":""" & E3 & """, ""StateMachine"":""" & IF(ISNUMBER(SEARCH("DB Alert", E3)), "wms-tools-state-machine-db-alert", """ wms-tools-state-machine-" & D3 & "" ) & """, "" Lambda "":""" & C3 & """, ""RequestType"":""" & D3 &"""}','sysuser', 'sysuser' from app.cronactiontype cat, app.crontasks c where c.description = '" & E3 & "' and not exists (select 1 from app.cronaction c2 where c2.crontaskid = c.crontaskid) and cat.description = 'NONE';" -> insert into app.cronaction (CronTaskId, CronActionTypeId, Payload, CreatedBy, LastUpdatedBy) select c.crontaskid, cat.CronActionTypeId,'{"EmailTextOnError":"tbd","TaskName":"In Transit RMA ASN 30 Days", "StateMachine":"" wms-tools-state-machine-in-transit-rma-asn-30-days", " Lambda ":"wms-tools-lambda-in-transit-rma-asn", "RequestType":"in-transit-rma-asn-30-days"}','sysuser', 'sysuser' from app.cronactiontype cat, app.crontasks c where c.description = 'In Transit RMA ASN 30 Days' and not exists (select 1 from app.cronaction c2 where c2.crontaskid = c.crontaskid) and cat.description = 'NONE';
A4: 55 | B4: =A4+1 -> 56 | C4: wms-tools-lambda-db-alert | D4: db-alert-order-no-desig-assign | E4: DB Alert: Orders No Designated or Assigned Shipments | F4: (not inserting for each new db alert, all DB Alerts using the same wms-tools-state-machine-db-alert) | G4: (select null) | H4: ="insert into app.requesttype(requesttypeid, approute, description, longdescription) select (select max(r.requesttypeid) from app.requesttype r) + 1 requesttypeid, " & A4 & ", '" & D4 & "', '" & D4 & "' where not exists (select 1 from app.requesttype r2 where r2.approute = " & A4 & " );" -> insert into app.requesttype(requesttypeid, approute, description, longdescription) select (select max(r.requesttypeid) from app.requesttype r) + 1 requesttypeid, 55, 'db-alert-order-no-desig-assign', 'db-alert-order-no-desig-assign' where not exists (select 1 from app.requesttype r2 where r2.approute = 55 ); | I4: ="insert into app.requesttype(requesttypeid, approute, description, longdescription) select (select max(r.requesttypeid) from app.requesttype r) + 1 requesttypeid, " & B4 & ", '" & D4 & " Interactive', '" & D4 & " Interactive' where not exists (select 1 from app.requesttype r2 where r2.approute = " & B4 & " );" -> insert into app.requesttype(requesttypeid, approute, description, longdescription) select (select max(r.requesttypeid) from app.requesttype r) + 1 requesttypeid, 56, 'db-alert-order-no-desig-assign Interactive', 'db-alert-order-no-desig-assign Interactive' where not exists (select 1 from app.requesttype r2 where r2.approute = 56 ); | J4: (not inserting for each new db alert, all DB Alerts using the same wms-tools-state-machine-db-alert) | K4: {="insert into app.cronaction (CronTaskId, CronActionTypeId, Payload, CreatedBy, LastUpdatedBy) select c.crontaskid, cat.CronActionTypeId,'{""EmailTextOnError"":""tbd"",""TaskName"":""" & E4 & """, ""StateMachine"":""" & IF(ISNUMBER(SEARCH("DB Alert", E)), "wms-tools-state-machine-db-alert", """ wms-tools-state-machine-" & D4 & "" ) & """, "" Lambda "":"" & C2 & "", ""RequestType"":""" & D4 &"""}','sysuser', 'sysuser' from app.cronactiontype cat, app.crontasks c where c.description = '" & E4 & "' and not exists (select 1 from app.cronaction c2 where c2.crontaskid = c.crontaskid) and cat.description = 'NONE';"} -> insert into app.cronaction (CronTaskId, CronActionTypeId, Payload, CreatedBy, LastUpdatedBy) select c.crontaskid, cat.CronActionTypeId,'{"EmailTextOnError":"tbd","TaskName":"DB Alert: Orders No Designated or Assigned Shipments", "StateMachine":"" wms-tools-state-machine-db-alert-order-no-desig-assign", " Lambda ":" & C2 & ", "RequestType":"db-alert-order-no-desig-assign"}','sysuser', 'sysuser' from app.cronactiontype cat, app.crontasks c where c.description = 'DB Alert: Orders No Designated or Assigned Shipments' and not exists (select 1 from app.cronaction c2 where c2.crontaskid = c.crontaskid) and cat.description = 'NONE'; | L4: ="insert into app.cronaction (CronTaskId, CronActionTypeId, Payload, CreatedBy, LastUpdatedBy) select c.crontaskid, cat.CronActionTypeId,'{""EmailTextOnError"":""tbd"",""TaskName"":""" & E4 & """, ""StateMachine"":""" & IF(ISNUMBER(SEARCH("DB Alert", E4)), "wms-tools-state-machine-db-alert", """ wms-tools-state-machine-" & D4 & "" ) & """, "" Lambda "":""" & C4 & """, ""RequestType"":""" & D4 &"""}','sysuser', 'sysuser' from app.cronactiontype cat, app.crontasks c where c.description = '" & E4 & "' and not exists (select 1 from app.cronaction c2 where c2.crontaskid = c.crontaskid) and cat.description = 'NONE';" -> insert into app.cronaction (CronTaskId, CronActionTypeId, Payload, CreatedBy, LastUpdatedBy) select c.crontaskid, cat.CronActionTypeId,'{"EmailTextOnError":"tbd","TaskName":"DB Alert: Orders No Designated or Assigned Shipments", "StateMachine":"wms-tools-state-machine-db-alert", " Lambda ":"wms-tools-lambda-db-alert", "RequestType":"db-alert-order-no-desig-assign"}','sysuser', 'sysuser' from app.cronactiontype cat, app.crontasks c where c.description = 'DB Alert: Orders No Designated or Assigned Shipments' and not exists (select 1 from app.cronaction c2 where c2.crontaskid = c.crontaskid) and cat.description = 'NONE'; | M4: All corrected (formula changed) but only for DB Alert records: For crontask query, D column (requestttype) was being used instead of E column (taskname) except for last variable. For cronaction query, same issue except for RequestType property in payload, in addition to not needing to append request type (colum D) to StateMachine and Lambda properties of payload.
A5: 57 | B5: =A5+1 -> 58 | C5: wms-tools-lambda-db-alert | D5: db-alert-order-no-desig | E5: DB Alert: Orders No Designated Shipments | F5: (not inserting for each new db alert, all DB Alerts using the same wms-tools-state-machine-db-alert) | G5: (select null) | H5: ="insert into app.requesttype(requesttypeid, approute, description, longdescription) select (select max(r.requesttypeid) from app.requesttype r) + 1 requesttypeid, " & A5 & ", '" & D5 & "', '" & D5 & "' where not exists (select 1 from app.requesttype r2 where r2.approute = " & A5 & " );" -> insert into app.requesttype(requesttypeid, approute, description, longdescription) select (select max(r.requesttypeid) from app.requesttype r) + 1 requesttypeid, 57, 'db-alert-order-no-desig', 'db-alert-order-no-desig' where not exists (select 1 from app.requesttype r2 where r2.approute = 57 ); | I5: ="insert into app.requesttype(requesttypeid, approute, description, longdescription) select (select max(r.requesttypeid) from app.requesttype r) + 1 requesttypeid, " & B5 & ", '" & D5 & " Interactive', '" & D5 & " Interactive' where not exists (select 1 from app.requesttype r2 where r2.approute = " & B5 & " );" -> insert into app.requesttype(requesttypeid, approute, description, longdescription) select (select max(r.requesttypeid) from app.requesttype r) + 1 requesttypeid, 58, 'db-alert-order-no-desig Interactive', 'db-alert-order-no-desig Interactive' where not exists (select 1 from app.requesttype r2 where r2.approute = 58 ); | J5: (not inserting for each new db alert, all DB Alerts using the same wms-tools-state-machine-db-alert) | K5: {="insert into app.cronaction (CronTaskId, CronActionTypeId, Payload, CreatedBy, LastUpdatedBy) select c.crontaskid, cat.CronActionTypeId,'{""EmailTextOnError"":""tbd"",""TaskName"":""" & E5 & """, ""StateMachine"":""" & IF(ISNUMBER(SEARCH("DB Alert", E)), "wms-tools-state-machine-db-alert", """ wms-tools-state-machine-" & D5 & "" ) & """, "" Lambda "":"" & C2 & "", ""RequestType"":""" & D5 &"""}','sysuser', 'sysuser' from app.cronactiontype cat, app.crontasks c where c.description = '" & E5 & "' and not exists (select 1 from app.cronaction c2 where c2.crontaskid = c.crontaskid) and cat.description = 'NONE';"} -> insert into app.cronaction (CronTaskId, CronActionTypeId, Payload, CreatedBy, LastUpdatedBy) select c.crontaskid, cat.CronActionTypeId,'{"EmailTextOnError":"tbd","TaskName":"DB Alert: Orders No Designated Shipments", "StateMachine":"" wms-tools-state-machine-db-alert-order-no-desig", " Lambda ":" & C2 & ", "RequestType":"db-alert-order-no-desig"}','sysuser', 'sysuser' from app.cronactiontype cat, app.crontasks c where c.description = 'DB Alert: Orders No Designated Shipments' and not exists (select 1 from app.cronaction c2 where c2.crontaskid = c.crontaskid) and cat.description = 'NONE'; | L5: ="insert into app.cronaction (CronTaskId, CronActionTypeId, Payload, CreatedBy, LastUpdatedBy) select c.crontaskid, cat.CronActionTypeId,'{""EmailTextOnError"":""tbd"",""TaskName"":""" & E5 & """, ""StateMachine"":""" & IF(ISNUMBER(SEARCH("DB Alert", E5)), "wms-tools-state-machine-db-alert", """ wms-tools-state-machine-" & D5 & "" ) & """, "" Lambda "":""" & C5 & """, ""RequestType"":""" & D5 &"""}','sysuser', 'sysuser' from app.cronactiontype cat, app.crontasks c where c.description = '" & E5 & "' and not exists (select 1 from app.cronaction c2 where c2.crontaskid = c.crontaskid) and cat.description = 'NONE';" -> insert into app.cronaction (CronTaskId, CronActionTypeId, Payload, CreatedBy, LastUpdatedBy) select c.crontaskid, cat.CronActionTypeId,'{"EmailTextOnError":"tbd","TaskName":"DB Alert: Orders No Designated Shipments", "StateMachine":"wms-tools-state-machine-db-alert", " Lambda ":"wms-tools-lambda-db-alert", "RequestType":"db-alert-order-no-desig"}','sysuser', 'sysuser' from app.cronactiontype cat, app.crontasks c where c.description = 'DB Alert: Orders No Designated Shipments' and not exists (select 1 from app.cronaction c2 where c2.crontaskid = c.crontaskid) and cat.description = 'NONE';
A6: 59 | B6: =A6+1 -> 60 | C6: wms-tools-lambda-db-alert | D6: db-alert-static-route-missing-threshold | E6: DB Alert: Static Route Missing Threshold Value | F6: (not inserting for each new db alert, all DB Alerts using the same wms-tools-state-machine-db-alert) | G6: (select null) | H6: ="insert into app.requesttype(requesttypeid, approute, description, longdescription) select (select max(r.requesttypeid) from app.requesttype r) + 1 requesttypeid, " & A6 & ", '" & D6 & "', '" & D6 & "' where not exists (select 1 from app.requesttype r2 where r2.approute = " & A6 & " );" -> insert into app.requesttype(requesttypeid, approute, description, longdescription) select (select max(r.requesttypeid) from app.requesttype r) + 1 requesttypeid, 59, 'db-alert-static-route-missing-threshold', 'db-alert-static-route-missing-threshold' where not exists (select 1 from app.requesttype r2 where r2.approute = 59 ); | I6: ="insert into app.requesttype(requesttypeid, approute, description, longdescription) select (select max(r.requesttypeid) from app.requesttype r) + 1 requesttypeid, " & B6 & ", '" & D6 & " Interactive', '" & D6 & " Interactive' where not exists (select 1 from app.requesttype r2 where r2.approute = " & B6 & " );" -> insert into app.requesttype(requesttypeid, approute, description, longdescription) select (select max(r.requesttypeid) from app.requesttype r) + 1 requesttypeid, 60, 'db-alert-static-route-missing-threshold Interactive', 'db-alert-static-route-missing-threshold Interactive' where not exists (select 1 from app.requesttype r2 where r2.approute = 60 ); | J6: (not inserting for each new db alert, all DB Alerts using the same wms-tools-state-machine-db-alert) | K6: {="insert into app.cronaction (CronTaskId, CronActionTypeId, Payload, CreatedBy, LastUpdatedBy) select c.crontaskid, cat.CronActionTypeId,'{""EmailTextOnError"":""tbd"",""TaskName"":""" & E6 & """, ""StateMachine"":""" & IF(ISNUMBER(SEARCH("DB Alert", E)), "wms-tools-state-machine-db-alert", """ wms-tools-state-machine-" & D6 & "" ) & """, "" Lambda "":"" & C2 & "", ""RequestType"":""" & D6 &"""}','sysuser', 'sysuser' from app.cronactiontype cat, app.crontasks c where c.description = '" & E6 & "' and not exists (select 1 from app.cronaction c2 where c2.crontaskid = c.crontaskid) and cat.description = 'NONE';"} -> insert into app.cronaction (CronTaskId, CronActionTypeId, Payload, CreatedBy, LastUpdatedBy) select c.crontaskid, cat.CronActionTypeId,'{"EmailTextOnError":"tbd","TaskName":"DB Alert: Static Route Missing Threshold Value", "StateMachine":"" wms-tools-state-machine-db-alert-static-route-missing-threshold", " Lambda ":" & C2 & ", "RequestType":"db-alert-static-route-missing-threshold"}','sysuser', 'sysuser' from app.cronactiontype cat, app.crontasks c where c.description = 'DB Alert: Static Route Missing Threshold Value' and not exists (select 1 from app.cronaction c2 where c2.crontaskid = c.crontaskid) and cat.description = 'NONE'; | L6: ="insert into app.cronaction (CronTaskId, CronActionTypeId, Payload, CreatedBy, LastUpdatedBy) select c.crontaskid, cat.CronActionTypeId,'{""EmailTextOnError"":""tbd"",""TaskName"":""" & E6 & """, ""StateMachine"":""" & IF(ISNUMBER(SEARCH("DB Alert", E6)), "wms-tools-state-machine-db-alert", """ wms-tools-state-machine-" & D6 & "" ) & """, "" Lambda "":""" & C6 & """, ""RequestType"":""" & D6 &"""}','sysuser', 'sysuser' from app.cronactiontype cat, app.crontasks c where c.description = '" & E6 & "' and not exists (select 1 from app.cronaction c2 where c2.crontaskid = c.crontaskid) and cat.description = 'NONE';" -> insert into app.cronaction (CronTaskId, CronActionTypeId, Payload, CreatedBy, LastUpdatedBy) select c.crontaskid, cat.CronActionTypeId,'{"EmailTextOnError":"tbd","TaskName":"DB Alert: Static Route Missing Threshold Value", "StateMachine":"wms-tools-state-machine-db-alert", " Lambda ":"wms-tools-lambda-db-alert", "RequestType":"db-alert-static-route-missing-threshold"}','sysuser', 'sysuser' from app.cronactiontype cat, app.crontasks c where c.description = 'DB Alert: Static Route Missing Threshold Value' and not exists (select 1 from app.cronaction c2 where c2.crontaskid = c.crontaskid) and cat.description = 'NONE'; | M6: All corrected (formula changed) but only for DB Alert records: For crontask query, D column (requestttype) was being used instead of E column (taskname) except for last variable. For cronaction query, same issue except for RequestType property in payload, in addition to not needing to append request type (colum D) to StateMachine and Lambda properties of payload.
A7: 61 | B7: =A7+1 -> 62 | C7: wms-tools-lambda-oracle-db-alert | D7: db-alert-order-not-process-15m | E7: DB Alert: Orders Not Process In Host > 15 Minutes | F7: tbd | G7: (select null) | H7: ="insert into app.requesttype(requesttypeid, approute, description, longdescription) select (select max(r.requesttypeid) from app.requesttype r) + 1 requesttypeid, " & A7 & ", '" & D7 & "', '" & D7 & "' where not exists (select 1 from app.requesttype r2 where r2.approute = " & A7 & " );" -> insert into app.requesttype(requesttypeid, approute, description, longdescription) select (select max(r.requesttypeid) from app.requesttype r) + 1 requesttypeid, 61, 'db-alert-order-not-process-15m', 'db-alert-order-not-process-15m' where not exists (select 1 from app.requesttype r2 where r2.approute = 61 ); | I7: ="insert into app.requesttype(requesttypeid, approute, description, longdescription) select (select max(r.requesttypeid) from app.requesttype r) + 1 requesttypeid, " & B7 & ", '" & D7 & " Interactive', '" & D7 & " Interactive' where not exists (select 1 from app.requesttype r2 where r2.approute = " & B7 & " );" -> insert into app.requesttype(requesttypeid, approute, description, longdescription) select (select max(r.requesttypeid) from app.requesttype r) + 1 requesttypeid, 62, 'db-alert-order-not-process-15m Interactive', 'db-alert-order-not-process-15m Interactive' where not exists (select 1 from app.requesttype r2 where r2.approute = 62 ); | J7: ="insert into app.statemachinerepo(statemachine, description, requesttypeid) select '" & F7 & "-' || rt.description" & ", '" & F7 & "-' || rt.description" & ", rt.requesttypeid from app.requesttype rt where rt.description = '" & D7 & "' and not exists (select 1 from app.statemachinerepo sr where sr.description = '" & F7 & "-" & D7 & "');" -> insert into app.statemachinerepo(statemachine, description, requesttypeid) select 'tbd-' || rt.description, 'tbd-' || rt.description, rt.requesttypeid from app.requesttype rt where rt.description = 'db-alert-order-not-process-15m' and not exists (select 1 from app.statemachinerepo sr where sr.description = 'tbd-db-alert-order-not-process-15m'); | K7: {="insert into app.cronaction (CronTaskId, CronActionTypeId, Payload, CreatedBy, LastUpdatedBy) select c.crontaskid, cat.CronActionTypeId,'{""EmailTextOnError"":""tbd"",""TaskName"":""" & E7 & """, ""StateMachine"":""" & IF(ISNUMBER(SEARCH("DB Alert", E)), "wms-tools-state-machine-db-alert", """ wms-tools-state-machine-" & D7 & "" ) & """, "" Lambda "":"" & C2 & "", ""RequestType"":""" & D7 &"""}','sysuser', 'sysuser' from app.cronactiontype cat, app.crontasks c where c.description = '" & E7 & "' and not exists (select 1 from app.cronaction c2 where c2.crontaskid = c.crontaskid) and cat.description = 'NONE';"} -> insert into app.cronaction (CronTaskId, CronActionTypeId, Payload, CreatedBy, LastUpdatedBy) select c.crontaskid, cat.CronActionTypeId,'{"EmailTextOnError":"tbd","TaskName":"DB Alert: Orders Not Process In Host > 15 Minutes", "StateMachine":"" wms-tools-state-machine-db-alert-order-not-process-15m", " Lambda ":" & C2 & ", "RequestType":"db-alert-order-not-process-15m"}','sysuser', 'sysuser' from app.cronactiontype cat, app.crontasks c where c.description = 'DB Alert: Orders Not Process In Host > 15 Minutes' and not exists (select 1 from app.cronaction c2 where c2.crontaskid = c.crontaskid) and cat.description = 'NONE'; | L7: ="insert into app.cronaction (CronTaskId, CronActionTypeId, Payload, CreatedBy, LastUpdatedBy) select c.crontaskid, cat.CronActionTypeId,'{""EmailTextOnError"":""tbd"",""TaskName"":""" & E7 & """, ""StateMachine"":""" & IF(ISNUMBER(SEARCH("DB Alert", E7)), "wms-tools-state-machine-db-alert", """ wms-tools-state-machine-" & D7 & "" ) & """, "" Lambda "":""" & C7 & """, ""RequestType"":""" & D7 &"""}','sysuser', 'sysuser' from app.cronactiontype cat, app.crontasks c where c.description = '" & E7 & "' and not exists (select 1 from app.cronaction c2 where c2.crontaskid = c.crontaskid) and cat.description = 'NONE';" -> insert into app.cronaction (CronTaskId, CronActionTypeId, Payload, CreatedBy, LastUpdatedBy) select c.crontaskid, cat.CronActionTypeId,'{"EmailTextOnError":"tbd","TaskName":"DB Alert: Orders Not Process In Host > 15 Minutes", "StateMachine":"wms-tools-state-machine-db-alert", " Lambda ":"wms-tools-lambda-oracle-db-alert", "RequestType":"db-alert-order-not-process-15m"}','sysuser', 'sysuser' from app.cronactiontype cat, app.crontasks c where c.description = 'DB Alert: Orders Not Process In Host > 15 Minutes' and not exists (select 1 from app.cronaction c2 where c2.crontaskid = c.crontaskid) and cat.description = 'NONE'; | M7: ORDERS NOT PROCESS IN HOST > 15 MINUTES
A8: 63 | B8: =A8+1 -> 64 | C8: wms-tools-lambda-lpns-no-task-api-fail | D8: lpns-no-task-api-fail | E8: Allocated Lpns With No Open Task Details Api Failure | F8: tbd | G8: (select rt2.requesttypeid from app.requesttype rt2 where rt2.description = 'CRON Scheduling Dashboard') | H8: ="insert into app.requesttype(requesttypeid, approute, description, longdescription) select (select max(r.requesttypeid) from app.requesttype r) + 1 requesttypeid, " & A8 & ", '" & D8 & "', '" & D8 & "' where not exists (select 1 from app.requesttype r2 where r2.approute = " & A8 & " );" -> insert into app.requesttype(requesttypeid, approute, description, longdescription) select (select max(r.requesttypeid) from app.requesttype r) + 1 requesttypeid, 63, 'lpns-no-task-api-fail', 'lpns-no-task-api-fail' where not exists (select 1 from app.requesttype r2 where r2.approute = 63 ); | I8: ="insert into app.requesttype(requesttypeid, approute, description, longdescription) select (select max(r.requesttypeid) from app.requesttype r) + 1 requesttypeid, " & B8 & ", '" & D8 & " Interactive', '" & D8 & " Interactive' where not exists (select 1 from app.requesttype r2 where r2.approute = " & B8 & " );" -> insert into app.requesttype(requesttypeid, approute, description, longdescription) select (select max(r.requesttypeid) from app.requesttype r) + 1 requesttypeid, 64, 'lpns-no-task-api-fail Interactive', 'lpns-no-task-api-fail Interactive' where not exists (select 1 from app.requesttype r2 where r2.approute = 64 ); | J8: ="insert into app.statemachinerepo(statemachine, description, requesttypeid) select '" & F8 & "-' || rt.description" & ", '" & F8 & "-' || rt.description" & ", rt.requesttypeid from app.requesttype rt where rt.description = '" & D8 & "' and not exists (select 1 from app.statemachinerepo sr where sr.description = '" & F8 & "-" & D8 & "');" -> insert into app.statemachinerepo(statemachine, description, requesttypeid) select 'tbd-' || rt.description, 'tbd-' || rt.description, rt.requesttypeid from app.requesttype rt where rt.description = 'lpns-no-task-api-fail' and not exists (select 1 from app.statemachinerepo sr where sr.description = 'tbd-lpns-no-task-api-fail'); | K8: {="insert into app.cronaction (CronTaskId, CronActionTypeId, Payload, CreatedBy, LastUpdatedBy) select c.crontaskid, cat.CronActionTypeId,'{""EmailTextOnError"":""tbd"",""TaskName"":""" & E8 & """, ""StateMachine"":""" & IF(ISNUMBER(SEARCH("DB Alert", E)), "wms-tools-state-machine-db-alert", """ wms-tools-state-machine-" & D8 & "" ) & """, "" Lambda "":"" & C2 & "", ""RequestType"":""" & D8 &"""}','sysuser', 'sysuser' from app.cronactiontype cat, app.crontasks c where c.description = '" & E8 & "' and not exists (select 1 from app.cronaction c2 where c2.crontaskid = c.crontaskid) and cat.description = 'NONE';"} -> insert into app.cronaction (CronTaskId, CronActionTypeId, Payload, CreatedBy, LastUpdatedBy) select c.crontaskid, cat.CronActionTypeId,'{"EmailTextOnError":"tbd","TaskName":"Allocated Lpns With No Open Task Details Api Failure", "StateMachine":"" wms-tools-state-machine-lpns-no-task-api-fail", " Lambda ":" & C2 & ", "RequestType":"lpns-no-task-api-fail"}','sysuser', 'sysuser' from app.cronactiontype cat, app.crontasks c where c.description = 'Allocated Lpns With No Open Task Details Api Failure' and not exists (select 1 from app.cronaction c2 where c2.crontaskid = c.crontaskid) and cat.description = 'NONE'; | L8: ="insert into app.cronaction (CronTaskId, CronActionTypeId, Payload, CreatedBy, LastUpdatedBy) select c.crontaskid, cat.CronActionTypeId,'{""EmailTextOnError"":""tbd"",""TaskName"":""" & E8 & """, ""StateMachine"":""" & IF(ISNUMBER(SEARCH("DB Alert", E8)), "wms-tools-state-machine-db-alert", """ wms-tools-state-machine-" & D8 & "" ) & """, "" Lambda "":""" & C8 & """, ""RequestType"":""" & D8 &"""}','sysuser', 'sysuser' from app.cronactiontype cat, app.crontasks c where c.description = '" & E8 & "' and not exists (select 1 from app.cronaction c2 where c2.crontaskid = c.crontaskid) and cat.description = 'NONE';" -> insert into app.cronaction (CronTaskId, CronActionTypeId, Payload, CreatedBy, LastUpdatedBy) select c.crontaskid, cat.CronActionTypeId,'{"EmailTextOnError":"tbd","TaskName":"Allocated Lpns With No Open Task Details Api Failure", "StateMachine":"" wms-tools-state-machine-lpns-no-task-api-fail", " Lambda ":"wms-tools-lambda-lpns-no-task-api-fail", "RequestType":"lpns-no-task-api-fail"}','sysuser', 'sysuser' from app.cronactiontype cat, app.crontasks c where c.description = 'Allocated Lpns With No Open Task Details Api Failure' and not exists (select 1 from app.cronaction c2 where c2.crontaskid = c.crontaskid) and cat.description = 'NONE'; | M8: ALLOCATED LPNS WITH NO OPEN TASK DETAILS API FAILURE
A9: 65 | B9: =A9+1 -> 66 | C9: wms-tools-lambda-fs-alpha-asn-error | D9: fs-alpha-asn-error | E9: FS: Alpha Asn Error | F9: tbd | G9: (select null) | H9: ="insert into app.requesttype(requesttypeid, approute, description, longdescription) select (select max(r.requesttypeid) from app.requesttype r) + 1 requesttypeid, " & A9 & ", '" & D9 & "', '" & D9 & "' where not exists (select 1 from app.requesttype r2 where r2.approute = " & A9 & " );" -> insert into app.requesttype(requesttypeid, approute, description, longdescription) select (select max(r.requesttypeid) from app.requesttype r) + 1 requesttypeid, 65, 'fs-alpha-asn-error', 'fs-alpha-asn-error' where not exists (select 1 from app.requesttype r2 where r2.approute = 65 ); | I9: ="insert into app.requesttype(requesttypeid, approute, description, longdescription) select (select max(r.requesttypeid) from app.requesttype r) + 1 requesttypeid, " & B9 & ", '" & D9 & " Interactive', '" & D9 & " Interactive' where not exists (select 1 from app.requesttype r2 where r2.approute = " & B9 & " );" -> insert into app.requesttype(requesttypeid, approute, description, longdescription) select (select max(r.requesttypeid) from app.requesttype r) + 1 requesttypeid, 66, 'fs-alpha-asn-error Interactive', 'fs-alpha-asn-error Interactive' where not exists (select 1 from app.requesttype r2 where r2.approute = 66 ); | J9: ="insert into app.statemachinerepo(statemachine, description, requesttypeid) select '" & F9 & "-' || rt.description" & ", '" & F9 & "-' || rt.description" & ", rt.requesttypeid from app.requesttype rt where rt.description = '" & D9 & "' and not exists (select 1 from app.statemachinerepo sr where sr.description = '" & F9 & "-" & D9 & "');" -> insert into app.statemachinerepo(statemachine, description, requesttypeid) select 'tbd-' || rt.description, 'tbd-' || rt.description, rt.requesttypeid from app.requesttype rt where rt.description = 'fs-alpha-asn-error' and not exists (select 1 from app.statemachinerepo sr where sr.description = 'tbd-fs-alpha-asn-error'); | K9: {="insert into app.cronaction (CronTaskId, CronActionTypeId, Payload, CreatedBy, LastUpdatedBy) select c.crontaskid, cat.CronActionTypeId,'{""EmailTextOnError"":""tbd"",""TaskName"":""" & E9 & """, ""StateMachine"":""" & IF(ISNUMBER(SEARCH("DB Alert", E)), "wms-tools-state-machine-db-alert", """ wms-tools-state-machine-" & D9 & "" ) & """, "" Lambda "":"" & C2 & "", ""RequestType"":""" & D9 &"""}','sysuser', 'sysuser' from app.cronactiontype cat, app.crontasks c where c.description = '" & E9 & "' and not exists (select 1 from app.cronaction c2 where c2.crontaskid = c.crontaskid) and cat.description = 'NONE';"} -> insert into app.cronaction (CronTaskId, CronActionTypeId, Payload, CreatedBy, LastUpdatedBy) select c.crontaskid, cat.CronActionTypeId,'{"EmailTextOnError":"tbd","TaskName":"FS: Alpha Asn Error", "StateMachine":"" wms-tools-state-machine-fs-alpha-asn-error", " Lambda ":" & C2 & ", "RequestType":"fs-alpha-asn-error"}','sysuser', 'sysuser' from app.cronactiontype cat, app.crontasks c where c.description = 'FS: Alpha Asn Error' and not exists (select 1 from app.cronaction c2 where c2.crontaskid = c.crontaskid) and cat.description = 'NONE'; | L9: ="insert into app.cronaction (CronTaskId, CronActionTypeId, Payload, CreatedBy, LastUpdatedBy) select c.crontaskid, cat.CronActionTypeId,'{""EmailTextOnError"":""tbd"",""TaskName"":""" & E9 & """, ""StateMachine"":""" & IF(ISNUMBER(SEARCH("DB Alert", E9)), "wms-tools-state-machine-db-alert", """ wms-tools-state-machine-" & D9 & "" ) & """, "" Lambda "":""" & C9 & """, ""RequestType"":""" & D9 &"""}','sysuser', 'sysuser' from app.cronactiontype cat, app.crontasks c where c.description = '" & E9 & "' and not exists (select 1 from app.cronaction c2 where c2.crontaskid = c.crontaskid) and cat.description = 'NONE';" -> insert into app.cronaction (CronTaskId, CronActionTypeId, Payload, CreatedBy, LastUpdatedBy) select c.crontaskid, cat.CronActionTypeId,'{"EmailTextOnError":"tbd","TaskName":"FS: Alpha Asn Error", "StateMachine":"" wms-tools-state-machine-fs-alpha-asn-error", " Lambda ":"wms-tools-lambda-fs-alpha-asn-error", "RequestType":"fs-alpha-asn-error"}','sysuser', 'sysuser' from app.cronactiontype cat, app.crontasks c where c.description = 'FS: Alpha Asn Error' and not exists (select 1 from app.cronaction c2 where c2.crontaskid = c.crontaskid) and cat.description = 'NONE'; | M9: ALPHA ASN ERROR
A10: 67 | B10: =A10+1 -> 68 | C10: wms-tools-lambda-fs-alpha-open-err-asn | D10: fs-alpha-open-err-asn | E10: FS: Alpha Open/Error Asn | F10: tbd | G10: (select null) | H10: ="insert into app.requesttype(requesttypeid, approute, description, longdescription) select (select max(r.requesttypeid) from app.requesttype r) + 1 requesttypeid, " & A10 & ", '" & D10 & "', '" & D10 & "' where not exists (select 1 from app.requesttype r2 where r2.approute = " & A10 & " );" -> insert into app.requesttype(requesttypeid, approute, description, longdescription) select (select max(r.requesttypeid) from app.requesttype r) + 1 requesttypeid, 67, 'fs-alpha-open-err-asn', 'fs-alpha-open-err-asn' where not exists (select 1 from app.requesttype r2 where r2.approute = 67 ); | I10: ="insert into app.requesttype(requesttypeid, approute, description, longdescription) select (select max(r.requesttypeid) from app.requesttype r) + 1 requesttypeid, " & B10 & ", '" & D10 & " Interactive', '" & D10 & " Interactive' where not exists (select 1 from app.requesttype r2 where r2.approute = " & B10 & " );" -> insert into app.requesttype(requesttypeid, approute, description, longdescription) select (select max(r.requesttypeid) from app.requesttype r) + 1 requesttypeid, 68, 'fs-alpha-open-err-asn Interactive', 'fs-alpha-open-err-asn Interactive' where not exists (select 1 from app.requesttype r2 where r2.approute = 68 ); | J10: ="insert into app.statemachinerepo(statemachine, description, requesttypeid) select '" & F10 & "-' || rt.description" & ", '" & F10 & "-' || rt.description" & ", rt.requesttypeid from app.requesttype rt where rt.description = '" & D10 & "' and not exists (select 1 from app.statemachinerepo sr where sr.description = '" & F10 & "-" & D10 & "');" -> insert into app.statemachinerepo(statemachine, description, requesttypeid) select 'tbd-' || rt.description, 'tbd-' || rt.description, rt.requesttypeid from app.requesttype rt where rt.description = 'fs-alpha-open-err-asn' and not exists (select 1 from app.statemachinerepo sr where sr.description = 'tbd-fs-alpha-open-err-asn'); | K10: {="insert into app.cronaction (CronTaskId, CronActionTypeId, Payload, CreatedBy, LastUpdatedBy) select c.crontaskid, cat.CronActionTypeId,'{""EmailTextOnError"":""tbd"",""TaskName"":""" & E10 & """, ""StateMachine"":""" & IF(ISNUMBER(SEARCH("DB Alert", E)), "wms-tools-state-machine-db-alert", """ wms-tools-state-machine-" & D10 & "" ) & """, "" Lambda "":"" & C2 & "", ""RequestType"":""" & D10 &"""}','sysuser', 'sysuser' from app.cronactiontype cat, app.crontasks c where c.description = '" & E10 & "' and not exists (select 1 from app.cronaction c2 where c2.crontaskid = c.crontaskid) and cat.description = 'NONE';"} -> insert into app.cronaction (CronTaskId, CronActionTypeId, Payload, CreatedBy, LastUpdatedBy) select c.crontaskid, cat.CronActionTypeId,'{"EmailTextOnError":"tbd","TaskName":"FS: Alpha Open/Error Asn", "StateMachine":"" wms-tools-state-machine-fs-alpha-open-err-asn", " Lambda ":" & C2 & ", "RequestType":"fs-alpha-open-err-asn"}','sysuser', 'sysuser' from app.cronactiontype cat, app.crontasks c where c.description = 'FS: Alpha Open/Error Asn' and not exists (select 1 from app.cronaction c2 where c2.crontaskid = c.crontaskid) and cat.description = 'NONE'; | L10: ="insert into app.cronaction (CronTaskId, CronActionTypeId, Payload, CreatedBy, LastUpdatedBy) select c.crontaskid, cat.CronActionTypeId,'{""EmailTextOnError"":""tbd"",""TaskName"":""" & E10 & """, ""StateMachine"":""" & IF(ISNUMBER(SEARCH("DB Alert", E10)), "wms-tools-state-machine-db-alert", """ wms-tools-state-machine-" & D10 & "" ) & """, "" Lambda "":""" & C10 & """, ""RequestType"":""" & D10 &"""}','sysuser', 'sysuser' from app.cronactiontype cat, app.crontasks c where c.description = '" & E10 & "' and not exists (select 1 from app.cronaction c2 where c2.crontaskid = c.crontaskid) and cat.description = 'NONE';" -> insert into app.cronaction (CronTaskId, CronActionTypeId, Payload, CreatedBy, LastUpdatedBy) select c.crontaskid, cat.CronActionTypeId,'{"EmailTextOnError":"tbd","TaskName":"FS: Alpha Open/Error Asn", "StateMachine":"" wms-tools-state-machine-fs-alpha-open-err-asn", " Lambda ":"wms-tools-lambda-fs-alpha-open-err-asn", "RequestType":"fs-alpha-open-err-asn"}','sysuser', 'sysuser' from app.cronactiontype cat, app.crontasks c where c.description = 'FS: Alpha Open/Error Asn' and not exists (select 1 from app.cronaction c2 where c2.crontaskid = c.crontaskid) and cat.description = 'NONE'; | M10: ALPHA OPEN/ERROR ASN
A11: 69 | B11: =A11+1 -> 70 | C11: wms-tools-lambda-fs-alpha-open-returns | D11: fs-alpha-open-returns | E11: FS: Alpha Open Returns | F11: tbd | G11: (select null) | H11: ="insert into app.requesttype(requesttypeid, approute, description, longdescription) select (select max(r.requesttypeid) from app.requesttype r) + 1 requesttypeid, " & A11 & ", '" & D11 & "', '" & D11 & "' where not exists (select 1 from app.requesttype r2 where r2.approute = " & A11 & " );" -> insert into app.requesttype(requesttypeid, approute, description, longdescription) select (select max(r.requesttypeid) from app.requesttype r) + 1 requesttypeid, 69, 'fs-alpha-open-returns', 'fs-alpha-open-returns' where not exists (select 1 from app.requesttype r2 where r2.approute = 69 ); | I11: ="insert into app.requesttype(requesttypeid, approute, description, longdescription) select (select max(r.requesttypeid) from app.requesttype r) + 1 requesttypeid, " & B11 & ", '" & D11 & " Interactive', '" & D11 & " Interactive' where not exists (select 1 from app.requesttype r2 where r2.approute = " & B11 & " );" -> insert into app.requesttype(requesttypeid, approute, description, longdescription) select (select max(r.requesttypeid) from app.requesttype r) + 1 requesttypeid, 70, 'fs-alpha-open-returns Interactive', 'fs-alpha-open-returns Interactive' where not exists (select 1 from app.requesttype r2 where r2.approute = 70 ); | J11: ="insert into app.statemachinerepo(statemachine, description, requesttypeid) select '" & F11 & "-' || rt.description" & ", '" & F11 & "-' || rt.description" & ", rt.requesttypeid from app.requesttype rt where rt.description = '" & D11 & "' and not exists (select 1 from app.statemachinerepo sr where sr.description = '" & F11 & "-" & D11 & "');" -> insert into app.statemachinerepo(statemachine, description, requesttypeid) select 'tbd-' || rt.description, 'tbd-' || rt.description, rt.requesttypeid from app.requesttype rt where rt.description = 'fs-alpha-open-returns' and not exists (select 1 from app.statemachinerepo sr where sr.description = 'tbd-fs-alpha-open-returns'); | K11: {="insert into app.cronaction (CronTaskId, CronActionTypeId, Payload, CreatedBy, LastUpdatedBy) select c.crontaskid, cat.CronActionTypeId,'{""EmailTextOnError"":""tbd"",""TaskName"":""" & E11 & """, ""StateMachine"":""" & IF(ISNUMBER(SEARCH("DB Alert", E)), "wms-tools-state-machine-db-alert", """ wms-tools-state-machine-" & D11 & "" ) & """, "" Lambda "":"" & C2 & "", ""RequestType"":""" & D11 &"""}','sysuser', 'sysuser' from app.cronactiontype cat, app.crontasks c where c.description = '" & E11 & "' and not exists (select 1 from app.cronaction c2 where c2.crontaskid = c.crontaskid) and cat.description = 'NONE';"} -> insert into app.cronaction (CronTaskId, CronActionTypeId, Payload, CreatedBy, LastUpdatedBy) select c.crontaskid, cat.CronActionTypeId,'{"EmailTextOnError":"tbd","TaskName":"FS: Alpha Open Returns", "StateMachine":"" wms-tools-state-machine-fs-alpha-open-returns", " Lambda ":" & C2 & ", "RequestType":"fs-alpha-open-returns"}','sysuser', 'sysuser' from app.cronactiontype cat, app.crontasks c where c.description = 'FS: Alpha Open Returns' and not exists (select 1 from app.cronaction c2 where c2.crontaskid = c.crontaskid) and cat.description = 'NONE'; | L11: ="insert into app.cronaction (CronTaskId, CronActionTypeId, Payload, CreatedBy, LastUpdatedBy) select c.crontaskid, cat.CronActionTypeId,'{""EmailTextOnError"":""tbd"",""TaskName"":""" & E11 & """, ""StateMachine"":""" & IF(ISNUMBER(SEARCH("DB Alert", E11)), "wms-tools-state-machine-db-alert", """ wms-tools-state-machine-" & D11 & "" ) & """, "" Lambda "":""" & C11 & """, ""RequestType"":""" & D11 &"""}','sysuser', 'sysuser' from app.cronactiontype cat, app.crontasks c where c.description = '" & E11 & "' and not exists (select 1 from app.cronaction c2 where c2.crontaskid = c.crontaskid) and cat.description = 'NONE';" -> insert into app.cronaction (CronTaskId, CronActionTypeId, Payload, CreatedBy, LastUpdatedBy) select c.crontaskid, cat.CronActionTypeId,'{"EmailTextOnError":"tbd","TaskName":"FS: Alpha Open Returns", "StateMachine":"" wms-tools-state-machine-fs-alpha-open-returns", " Lambda ":"wms-tools-lambda-fs-alpha-open-returns", "RequestType":"fs-alpha-open-returns"}','sysuser', 'sysuser' from app.cronactiontype cat, app.crontasks c where c.description = 'FS: Alpha Open Returns' and not exists (select 1 from app.cronaction c2 where c2.crontaskid = c.crontaskid) and cat.description = 'NONE'; | M11: ALPHA OPEN RETURNS
A12: 71 | B12: =A12+1 -> 72 | C12: wms-tools-lambda-divert-conf-down | D12: divert-conf-down | E12: Divert Confirmation Down | F12: tbd | G12: (select rt2.requesttypeid from app.requesttype rt2 where rt2.description = 'CRON Scheduling Dashboard') | H12: ="insert into app.requesttype(requesttypeid, approute, description, longdescription) select (select max(r.requesttypeid) from app.requesttype r) + 1 requesttypeid, " & A12 & ", '" & D12 & "', '" & D12 & "' where not exists (select 1 from app.requesttype r2 where r2.approute = " & A12 & " );" -> insert into app.requesttype(requesttypeid, approute, description, longdescription) select (select max(r.requesttypeid) from app.requesttype r) + 1 requesttypeid, 71, 'divert-conf-down', 'divert-conf-down' where not exists (select 1 from app.requesttype r2 where r2.approute = 71 ); | I12: ="insert into app.requesttype(requesttypeid, approute, description, longdescription) select (select max(r.requesttypeid) from app.requesttype r) + 1 requesttypeid, " & B12 & ", '" & D12 & " Interactive', '" & D12 & " Interactive' where not exists (select 1 from app.requesttype r2 where r2.approute = " & B12 & " );" -> insert into app.requesttype(requesttypeid, approute, description, longdescription) select (select max(r.requesttypeid) from app.requesttype r) + 1 requesttypeid, 72, 'divert-conf-down Interactive', 'divert-conf-down Interactive' where not exists (select 1 from app.requesttype r2 where r2.approute = 72 ); | J12: ="insert into app.statemachinerepo(statemachine, description, requesttypeid) select '" & F12 & "-' || rt.description" & ", '" & F12 & "-' || rt.description" & ", rt.requesttypeid from app.requesttype rt where rt.description = '" & D12 & "' and not exists (select 1 from app.statemachinerepo sr where sr.description = '" & F12 & "-" & D12 & "');" -> insert into app.statemachinerepo(statemachine, description, requesttypeid) select 'tbd-' || rt.description, 'tbd-' || rt.description, rt.requesttypeid from app.requesttype rt where rt.description = 'divert-conf-down' and not exists (select 1 from app.statemachinerepo sr where sr.description = 'tbd-divert-conf-down'); | K12: {="insert into app.cronaction (CronTaskId, CronActionTypeId, Payload, CreatedBy, LastUpdatedBy) select c.crontaskid, cat.CronActionTypeId,'{""EmailTextOnError"":""tbd"",""TaskName"":""" & E12 & """, ""StateMachine"":""" & IF(ISNUMBER(SEARCH("DB Alert", E)), "wms-tools-state-machine-db-alert", """ wms-tools-state-machine-" & D12 & "" ) & """, "" Lambda "":"" & C2 & "", ""RequestType"":""" & D12 &"""}','sysuser', 'sysuser' from app.cronactiontype cat, app.crontasks c where c.description = '" & E12 & "' and not exists (select 1 from app.cronaction c2 where c2.crontaskid = c.crontaskid) and cat.description = 'NONE';"} -> insert into app.cronaction (CronTaskId, CronActionTypeId, Payload, CreatedBy, LastUpdatedBy) select c.crontaskid, cat.CronActionTypeId,'{"EmailTextOnError":"tbd","TaskName":"Divert Confirmation Down", "StateMachine":"" wms-tools-state-machine-divert-conf-down", " Lambda ":" & C2 & ", "RequestType":"divert-conf-down"}','sysuser', 'sysuser' from app.cronactiontype cat, app.crontasks c where c.description = 'Divert Confirmation Down' and not exists (select 1 from app.cronaction c2 where c2.crontaskid = c.crontaskid) and cat.description = 'NONE'; | L12: ="insert into app.cronaction (CronTaskId, CronActionTypeId, Payload, CreatedBy, LastUpdatedBy) select c.crontaskid, cat.CronActionTypeId,'{""EmailTextOnError"":""tbd"",""TaskName"":""" & E12 & """, ""StateMachine"":""" & IF(ISNUMBER(SEARCH("DB Alert", E12)), "wms-tools-state-machine-db-alert", """ wms-tools-state-machine-" & D12 & "" ) & """, "" Lambda "":""" & C12 & """, ""RequestType"":""" & D12 &"""}','sysuser', 'sysuser' from app.cronactiontype cat, app.crontasks c where c.description = '" & E12 & "' and not exists (select 1 from app.cronaction c2 where c2.crontaskid = c.crontaskid) and cat.description = 'NONE';" -> insert into app.cronaction (CronTaskId, CronActionTypeId, Payload, CreatedBy, LastUpdatedBy) select c.crontaskid, cat.CronActionTypeId,'{"EmailTextOnError":"tbd","TaskName":"Divert Confirmation Down", "StateMachine":"" wms-tools-state-machine-divert-conf-down", " Lambda ":"wms-tools-lambda-divert-conf-down", "RequestType":"divert-conf-down"}','sysuser', 'sysuser' from app.cronactiontype cat, app.crontasks c where c.description = 'Divert Confirmation Down' and not exists (select 1 from app.cronaction c2 where c2.crontaskid = c.crontaskid) and cat.description = 'NONE'; | M12: DIVERT CONFIRMATION DOWN
A13: 73 | B13: =A13+1 -> 74 | C13: wms-tools-lambda-endpoint-queue-fail | D13: endpoint-queue-fail | E13: Endpoint Queue Failures | F13: tbd | G13: (select rt2.requesttypeid from app.requesttype rt2 where rt2.description = 'CRON Scheduling Dashboard') | H13: ="insert into app.requesttype(requesttypeid, approute, description, longdescription) select (select max(r.requesttypeid) from app.requesttype r) + 1 requesttypeid, " & A13 & ", '" & D13 & "', '" & D13 & "' where not exists (select 1 from app.requesttype r2 where r2.approute = " & A13 & " );" -> insert into app.requesttype(requesttypeid, approute, description, longdescription) select (select max(r.requesttypeid) from app.requesttype r) + 1 requesttypeid, 73, 'endpoint-queue-fail', 'endpoint-queue-fail' where not exists (select 1 from app.requesttype r2 where r2.approute = 73 ); | I13: ="insert into app.requesttype(requesttypeid, approute, description, longdescription) select (select max(r.requesttypeid) from app.requesttype r) + 1 requesttypeid, " & B13 & ", '" & D13 & " Interactive', '" & D13 & " Interactive' where not exists (select 1 from app.requesttype r2 where r2.approute = " & B13 & " );" -> insert into app.requesttype(requesttypeid, approute, description, longdescription) select (select max(r.requesttypeid) from app.requesttype r) + 1 requesttypeid, 74, 'endpoint-queue-fail Interactive', 'endpoint-queue-fail Interactive' where not exists (select 1 from app.requesttype r2 where r2.approute = 74 ); | J13: ="insert into app.statemachinerepo(statemachine, description, requesttypeid) select '" & F13 & "-' || rt.description" & ", '" & F13 & "-' || rt.description" & ", rt.requesttypeid from app.requesttype rt where rt.description = '" & D13 & "' and not exists (select 1 from app.statemachinerepo sr where sr.description = '" & F13 & "-" & D13 & "');" -> insert into app.statemachinerepo(statemachine, description, requesttypeid) select 'tbd-' || rt.description, 'tbd-' || rt.description, rt.requesttypeid from app.requesttype rt where rt.description = 'endpoint-queue-fail' and not exists (select 1 from app.statemachinerepo sr where sr.description = 'tbd-endpoint-queue-fail'); | K13: {="insert into app.cronaction (CronTaskId, CronActionTypeId, Payload, CreatedBy, LastUpdatedBy) select c.crontaskid, cat.CronActionTypeId,'{""EmailTextOnError"":""tbd"",""TaskName"":""" & E13 & """, ""StateMachine"":""" & IF(ISNUMBER(SEARCH("DB Alert", E)), "wms-tools-state-machine-db-alert", """ wms-tools-state-machine-" & D13 & "" ) & """, "" Lambda "":"" & C2 & "", ""RequestType"":""" & D13 &"""}','sysuser', 'sysuser' from app.cronactiontype cat, app.crontasks c where c.description = '" & E13 & "' and not exists (select 1 from app.cronaction c2 where c2.crontaskid = c.crontaskid) and cat.description = 'NONE';"} -> insert into app.cronaction (CronTaskId, CronActionTypeId, Payload, CreatedBy, LastUpdatedBy) select c.crontaskid, cat.CronActionTypeId,'{"EmailTextOnError":"tbd","TaskName":"Endpoint Queue Failures", "StateMachine":"" wms-tools-state-machine-endpoint-queue-fail", " Lambda ":" & C2 & ", "RequestType":"endpoint-queue-fail"}','sysuser', 'sysuser' from app.cronactiontype cat, app.crontasks c where c.description = 'Endpoint Queue Failures' and not exists (select 1 from app.cronaction c2 where c2.crontaskid = c.crontaskid) and cat.description = 'NONE'; | L13: ="insert into app.cronaction (CronTaskId, CronActionTypeId, Payload, CreatedBy, LastUpdatedBy) select c.crontaskid, cat.CronActionTypeId,'{""EmailTextOnError"":""tbd"",""TaskName"":""" & E13 & """, ""StateMachine"":""" & IF(ISNUMBER(SEARCH("DB Alert", E13)), "wms-tools-state-machine-db-alert", """ wms-tools-state-machine-" & D13 & "" ) & """, "" Lambda "":""" & C13 & """, ""RequestType"":""" & D13 &"""}','sysuser', 'sysuser' from app.cronactiontype cat, app.crontasks c where c.description = '" & E13 & "' and not exists (select 1 from app.cronaction c2 where c2.crontaskid = c.crontaskid) and cat.description = 'NONE';" -> insert into app.cronaction (CronTaskId, CronActionTypeId, Payload, CreatedBy, LastUpdatedBy) select c.crontaskid, cat.CronActionTypeId,'{"EmailTextOnError":"tbd","TaskName":"Endpoint Queue Failures", "StateMachine":"" wms-tools-state-machine-endpoint-queue-fail", " Lambda ":"wms-tools-lambda-endpoint-queue-fail", "RequestType":"endpoint-queue-fail"}','sysuser', 'sysuser' from app.cronactiontype cat, app.crontasks c where c.description = 'Endpoint Queue Failures' and not exists (select 1 from app.cronaction c2 where c2.crontaskid = c.crontaskid) and cat.description = 'NONE'; | M13: ENDPOINT QUEUE FAILURES
A14: 75 | B14: =A14+1 -> 76 | C14: wms-tools-lambda-endpoint-status | D14: endpoint-status | E14: Endpoint Status | F14: tbd | G14: (select rt2.requesttypeid from app.requesttype rt2 where rt2.description = 'CRON Scheduling Dashboard') | H14: ="insert into app.requesttype(requesttypeid, approute, description, longdescription) select (select max(r.requesttypeid) from app.requesttype r) + 1 requesttypeid, " & A14 & ", '" & D14 & "', '" & D14 & "' where not exists (select 1 from app.requesttype r2 where r2.approute = " & A14 & " );" -> insert into app.requesttype(requesttypeid, approute, description, longdescription) select (select max(r.requesttypeid) from app.requesttype r) + 1 requesttypeid, 75, 'endpoint-status', 'endpoint-status' where not exists (select 1 from app.requesttype r2 where r2.approute = 75 ); | I14: ="insert into app.requesttype(requesttypeid, approute, description, longdescription) select (select max(r.requesttypeid) from app.requesttype r) + 1 requesttypeid, " & B14 & ", '" & D14 & " Interactive', '" & D14 & " Interactive' where not exists (select 1 from app.requesttype r2 where r2.approute = " & B14 & " );" -> insert into app.requesttype(requesttypeid, approute, description, longdescription) select (select max(r.requesttypeid) from app.requesttype r) + 1 requesttypeid, 76, 'endpoint-status Interactive', 'endpoint-status Interactive' where not exists (select 1 from app.requesttype r2 where r2.approute = 76 ); | J14: ="insert into app.statemachinerepo(statemachine, description, requesttypeid) select '" & F14 & "-' || rt.description" & ", '" & F14 & "-' || rt.description" & ", rt.requesttypeid from app.requesttype rt where rt.description = '" & D14 & "' and not exists (select 1 from app.statemachinerepo sr where sr.description = '" & F14 & "-" & D14 & "');" -> insert into app.statemachinerepo(statemachine, description, requesttypeid) select 'tbd-' || rt.description, 'tbd-' || rt.description, rt.requesttypeid from app.requesttype rt where rt.description = 'endpoint-status' and not exists (select 1 from app.statemachinerepo sr where sr.description = 'tbd-endpoint-status'); | K14: {="insert into app.cronaction (CronTaskId, CronActionTypeId, Payload, CreatedBy, LastUpdatedBy) select c.crontaskid, cat.CronActionTypeId,'{""EmailTextOnError"":""tbd"",""TaskName"":""" & E14 & """, ""StateMachine"":""" & IF(ISNUMBER(SEARCH("DB Alert", E)), "wms-tools-state-machine-db-alert", """ wms-tools-state-machine-" & D14 & "" ) & """, "" Lambda "":"" & C2 & "", ""RequestType"":""" & D14 &"""}','sysuser', 'sysuser' from app.cronactiontype cat, app.crontasks c where c.description = '" & E14 & "' and not exists (select 1 from app.cronaction c2 where c2.crontaskid = c.crontaskid) and cat.description = 'NONE';"} -> insert into app.cronaction (CronTaskId, CronActionTypeId, Payload, CreatedBy, LastUpdatedBy) select c.crontaskid, cat.CronActionTypeId,'{"EmailTextOnError":"tbd","TaskName":"Endpoint Status", "StateMachine":"" wms-tools-state-machine-endpoint-status", " Lambda ":" & C2 & ", "RequestType":"endpoint-status"}','sysuser', 'sysuser' from app.cronactiontype cat, app.crontasks c where c.description = 'Endpoint Status' and not exists (select 1 from app.cronaction c2 where c2.crontaskid = c.crontaskid) and cat.description = 'NONE'; | L14: ="insert into app.cronaction (CronTaskId, CronActionTypeId, Payload, CreatedBy, LastUpdatedBy) select c.crontaskid, cat.CronActionTypeId,'{""EmailTextOnError"":""tbd"",""TaskName"":""" & E14 & """, ""StateMachine"":""" & IF(ISNUMBER(SEARCH("DB Alert", E14)), "wms-tools-state-machine-db-alert", """ wms-tools-state-machine-" & D14 & "" ) & """, "" Lambda "":""" & C14 & """, ""RequestType"":""" & D14 &"""}','sysuser', 'sysuser' from app.cronactiontype cat, app.crontasks c where c.description = '" & E14 & "' and not exists (select 1 from app.cronaction c2 where c2.crontaskid = c.crontaskid) and cat.description = 'NONE';" -> insert into app.cronaction (CronTaskId, CronActionTypeId, Payload, CreatedBy, LastUpdatedBy) select c.crontaskid, cat.CronActionTypeId,'{"EmailTextOnError":"tbd","TaskName":"Endpoint Status", "StateMachine":"" wms-tools-state-machine-endpoint-status", " Lambda ":"wms-tools-lambda-endpoint-status", "RequestType":"endpoint-status"}','sysuser', 'sysuser' from app.cronactiontype cat, app.crontasks c where c.description = 'Endpoint Status' and not exists (select 1 from app.cronaction c2 where c2.crontaskid = c.crontaskid) and cat.description = 'NONE'; | M14: ENDPOINT STATUS
A15: 77 | B15: =A15+1 -> 78 | C15: wms-tools-lambda-ilpns-neg-alloc | D15: ilpns-neg-alloc | E15: Ilpns With Negative Allocated Quantity Api Failure | F15: tbd | G15: (select rt2.requesttypeid from app.requesttype rt2 where rt2.description = 'CRON Scheduling Dashboard') | H15: ="insert into app.requesttype(requesttypeid, approute, description, longdescription) select (select max(r.requesttypeid) from app.requesttype r) + 1 requesttypeid, " & A15 & ", '" & D15 & "', '" & D15 & "' where not exists (select 1 from app.requesttype r2 where r2.approute = " & A15 & " );" -> insert into app.requesttype(requesttypeid, approute, description, longdescription) select (select max(r.requesttypeid) from app.requesttype r) + 1 requesttypeid, 77, 'ilpns-neg-alloc', 'ilpns-neg-alloc' where not exists (select 1 from app.requesttype r2 where r2.approute = 77 ); | I15: ="insert into app.requesttype(requesttypeid, approute, description, longdescription) select (select max(r.requesttypeid) from app.requesttype r) + 1 requesttypeid, " & B15 & ", '" & D15 & " Interactive', '" & D15 & " Interactive' where not exists (select 1 from app.requesttype r2 where r2.approute = " & B15 & " );" -> insert into app.requesttype(requesttypeid, approute, description, longdescription) select (select max(r.requesttypeid) from app.requesttype r) + 1 requesttypeid, 78, 'ilpns-neg-alloc Interactive', 'ilpns-neg-alloc Interactive' where not exists (select 1 from app.requesttype r2 where r2.approute = 78 ); | J15: ="insert into app.statemachinerepo(statemachine, description, requesttypeid) select '" & F15 & "-' || rt.description" & ", '" & F15 & "-' || rt.description" & ", rt.requesttypeid from app.requesttype rt where rt.description = '" & D15 & "' and not exists (select 1 from app.statemachinerepo sr where sr.description = '" & F15 & "-" & D15 & "');" -> insert into app.statemachinerepo(statemachine, description, requesttypeid) select 'tbd-' || rt.description, 'tbd-' || rt.description, rt.requesttypeid from app.requesttype rt where rt.description = 'ilpns-neg-alloc' and not exists (select 1 from app.statemachinerepo sr where sr.description = 'tbd-ilpns-neg-alloc'); | K15: {="insert into app.cronaction (CronTaskId, CronActionTypeId, Payload, CreatedBy, LastUpdatedBy) select c.crontaskid, cat.CronActionTypeId,'{""EmailTextOnError"":""tbd"",""TaskName"":""" & E15 & """, ""StateMachine"":""" & IF(ISNUMBER(SEARCH("DB Alert", E)), "wms-tools-state-machine-db-alert", """ wms-tools-state-machine-" & D15 & "" ) & """, "" Lambda "":"" & C2 & "", ""RequestType"":""" & D15 &"""}','sysuser', 'sysuser' from app.cronactiontype cat, app.crontasks c where c.description = '" & E15 & "' and not exists (select 1 from app.cronaction c2 where c2.crontaskid = c.crontaskid) and cat.description = 'NONE';"} -> insert into app.cronaction (CronTaskId, CronActionTypeId, Payload, CreatedBy, LastUpdatedBy) select c.crontaskid, cat.CronActionTypeId,'{"EmailTextOnError":"tbd","TaskName":"Ilpns With Negative Allocated Quantity Api Failure", "StateMachine":"" wms-tools-state-machine-ilpns-neg-alloc", " Lambda ":" & C2 & ", "RequestType":"ilpns-neg-alloc"}','sysuser', 'sysuser' from app.cronactiontype cat, app.crontasks c where c.description = 'Ilpns With Negative Allocated Quantity Api Failure' and not exists (select 1 from app.cronaction c2 where c2.crontaskid = c.crontaskid) and cat.description = 'NONE'; | L15: ="insert into app.cronaction (CronTaskId, CronActionTypeId, Payload, CreatedBy, LastUpdatedBy) select c.crontaskid, cat.CronActionTypeId,'{""EmailTextOnError"":""tbd"",""TaskName"":""" & E15 & """, ""StateMachine"":""" & IF(ISNUMBER(SEARCH("DB Alert", E15)), "wms-tools-state-machine-db-alert", """ wms-tools-state-machine-" & D15 & "" ) & """, "" Lambda "":""" & C15 & """, ""RequestType"":""" & D15 &"""}','sysuser', 'sysuser' from app.cronactiontype cat, app.crontasks c where c.description = '" & E15 & "' and not exists (select 1 from app.cronaction c2 where c2.crontaskid = c.crontaskid) and cat.description = 'NONE';" -> insert into app.cronaction (CronTaskId, CronActionTypeId, Payload, CreatedBy, LastUpdatedBy) select c.crontaskid, cat.CronActionTypeId,'{"EmailTextOnError":"tbd","TaskName":"Ilpns With Negative Allocated Quantity Api Failure", "StateMachine":"" wms-tools-state-machine-ilpns-neg-alloc", " Lambda ":"wms-tools-lambda-ilpns-neg-alloc", "RequestType":"ilpns-neg-alloc"}','sysuser', 'sysuser' from app.cronactiontype cat, app.crontasks c where c.description = 'Ilpns With Negative Allocated Quantity Api Failure' and not exists (select 1 from app.cronaction c2 where c2.crontaskid = c.crontaskid) and cat.description = 'NONE'; | M15: ILPNS WITH NEGATIVE ALLOCATED QUANTITY API FAILURE
A16: 79 | B16: =A16+1 -> 80 | C16: wms-tools-lambda-item-img-url-fail | D16: item-img-url-fail | E16: Item Image Url Failure | F16: tbd | G16: (select rt2.requesttypeid from app.requesttype rt2 where rt2.description = 'CRON Scheduling Dashboard') | H16: ="insert into app.requesttype(requesttypeid, approute, description, longdescription) select (select max(r.requesttypeid) from app.requesttype r) + 1 requesttypeid, " & A16 & ", '" & D16 & "', '" & D16 & "' where not exists (select 1 from app.requesttype r2 where r2.approute = " & A16 & " );" -> insert into app.requesttype(requesttypeid, approute, description, longdescription) select (select max(r.requesttypeid) from app.requesttype r) + 1 requesttypeid, 79, 'item-img-url-fail', 'item-img-url-fail' where not exists (select 1 from app.requesttype r2 where r2.approute = 79 ); | I16: ="insert into app.requesttype(requesttypeid, approute, description, longdescription) select (select max(r.requesttypeid) from app.requesttype r) + 1 requesttypeid, " & B16 & ", '" & D16 & " Interactive', '" & D16 & " Interactive' where not exists (select 1 from app.requesttype r2 where r2.approute = " & B16 & " );" -> insert into app.requesttype(requesttypeid, approute, description, longdescription) select (select max(r.requesttypeid) from app.requesttype r) + 1 requesttypeid, 80, 'item-img-url-fail Interactive', 'item-img-url-fail Interactive' where not exists (select 1 from app.requesttype r2 where r2.approute = 80 ); | J16: ="insert into app.statemachinerepo(statemachine, description, requesttypeid) select '" & F16 & "-' || rt.description" & ", '" & F16 & "-' || rt.description" & ", rt.requesttypeid from app.requesttype rt where rt.description = '" & D16 & "' and not exists (select 1 from app.statemachinerepo sr where sr.description = '" & F16 & "-" & D16 & "');" -> insert into app.statemachinerepo(statemachine, description, requesttypeid) select 'tbd-' || rt.description, 'tbd-' || rt.description, rt.requesttypeid from app.requesttype rt where rt.description = 'item-img-url-fail' and not exists (select 1 from app.statemachinerepo sr where sr.description = 'tbd-item-img-url-fail'); | K16: {="insert into app.cronaction (CronTaskId, CronActionTypeId, Payload, CreatedBy, LastUpdatedBy) select c.crontaskid, cat.CronActionTypeId,'{""EmailTextOnError"":""tbd"",""TaskName"":""" & E16 & """, ""StateMachine"":""" & IF(ISNUMBER(SEARCH("DB Alert", E)), "wms-tools-state-machine-db-alert", """ wms-tools-state-machine-" & D16 & "" ) & """, "" Lambda "":"" & C2 & "", ""RequestType"":""" & D16 &"""}','sysuser', 'sysuser' from app.cronactiontype cat, app.crontasks c where c.description = '" & E16 & "' and not exists (select 1 from app.cronaction c2 where c2.crontaskid = c.crontaskid) and cat.description = 'NONE';"} -> insert into app.cronaction (CronTaskId, CronActionTypeId, Payload, CreatedBy, LastUpdatedBy) select c.crontaskid, cat.CronActionTypeId,'{"EmailTextOnError":"tbd","TaskName":"Item Image Url Failure", "StateMachine":"" wms-tools-state-machine-item-img-url-fail", " Lambda ":" & C2 & ", "RequestType":"item-img-url-fail"}','sysuser', 'sysuser' from app.cronactiontype cat, app.crontasks c where c.description = 'Item Image Url Failure' and not exists (select 1 from app.cronaction c2 where c2.crontaskid = c.crontaskid) and cat.description = 'NONE'; | L16: ="insert into app.cronaction (CronTaskId, CronActionTypeId, Payload, CreatedBy, LastUpdatedBy) select c.crontaskid, cat.CronActionTypeId,'{""EmailTextOnError"":""tbd"",""TaskName"":""" & E16 & """, ""StateMachine"":""" & IF(ISNUMBER(SEARCH("DB Alert", E16)), "wms-tools-state-machine-db-alert", """ wms-tools-state-machine-" & D16 & "" ) & """, "" Lambda "":""" & C16 & """, ""RequestType"":""" & D16 &"""}','sysuser', 'sysuser' from app.cronactiontype cat, app.crontasks c where c.description = '" & E16 & "' and not exists (select 1 from app.cronaction c2 where c2.crontaskid = c.crontaskid) and cat.description = 'NONE';" -> insert into app.cronaction (CronTaskId, CronActionTypeId, Payload, CreatedBy, LastUpdatedBy) select c.crontaskid, cat.CronActionTypeId,'{"EmailTextOnError":"tbd","TaskName":"Item Image Url Failure", "StateMachine":"" wms-tools-state-machine-item-img-url-fail", " Lambda ":"wms-tools-lambda-item-img-url-fail", "RequestType":"item-img-url-fail"}','sysuser', 'sysuser' from app.cronactiontype cat, app.crontasks c where c.description = 'Item Image Url Failure' and not exists (select 1 from app.cronaction c2 where c2.crontaskid = c.crontaskid) and cat.description = 'NONE'; | M16: ITEM IMAGE URL FAILURE
A17: 81 | B17: =A17+1 -> 82 | C17: wms-tools-lambda-db-alert | D17: db-alert-route-ui-dflt-miss | E17: DB Alert: Static Route UI Missing Dflt Value | F17: tbd | G17: (select null) | H17: ="insert into app.requesttype(requesttypeid, approute, description, longdescription) select (select max(r.requesttypeid) from app.requesttype r) + 1 requesttypeid, " & A17 & ", '" & D17 & "', '" & D17 & "' where not exists (select 1 from app.requesttype r2 where r2.approute = " & A17 & " );" -> insert into app.requesttype(requesttypeid, approute, description, longdescription) select (select max(r.requesttypeid) from app.requesttype r) + 1 requesttypeid, 81, 'db-alert-route-ui-dflt-miss', 'db-alert-route-ui-dflt-miss' where not exists (select 1 from app.requesttype r2 where r2.approute = 81 ); | I17: ="insert into app.requesttype(requesttypeid, approute, description, longdescription) select (select max(r.requesttypeid) from app.requesttype r) + 1 requesttypeid, " & B17 & ", '" & D17 & " Interactive', '" & D17 & " Interactive' where not exists (select 1 from app.requesttype r2 where r2.approute = " & B17 & " );" -> insert into app.requesttype(requesttypeid, approute, description, longdescription) select (select max(r.requesttypeid) from app.requesttype r) + 1 requesttypeid, 82, 'db-alert-route-ui-dflt-miss Interactive', 'db-alert-route-ui-dflt-miss Interactive' where not exists (select 1 from app.requesttype r2 where r2.approute = 82 ); | J17: ="insert into app.statemachinerepo(statemachine, description, requesttypeid) select '" & F17 & "-' || rt.description" & ", '" & F17 & "-' || rt.description" & ", rt.requesttypeid from app.requesttype rt where rt.description = '" & D17 & "' and not exists (select 1 from app.statemachinerepo sr where sr.description = '" & F17 & "-" & D17 & "');" -> insert into app.statemachinerepo(statemachine, description, requesttypeid) select 'tbd-' || rt.description, 'tbd-' || rt.description, rt.requesttypeid from app.requesttype rt where rt.description = 'db-alert-route-ui-dflt-miss' and not exists (select 1 from app.statemachinerepo sr where sr.description = 'tbd-db-alert-route-ui-dflt-miss'); | K17: {="insert into app.cronaction (CronTaskId, CronActionTypeId, Payload, CreatedBy, LastUpdatedBy) select c.crontaskid, cat.CronActionTypeId,'{""EmailTextOnError"":""tbd"",""TaskName"":""" & E17 & """, ""StateMachine"":""" & IF(ISNUMBER(SEARCH("DB Alert", E)), "wms-tools-state-machine-db-alert", """ wms-tools-state-machine-" & D17 & "" ) & """, "" Lambda "":"" & C2 & "", ""RequestType"":""" & D17 &"""}','sysuser', 'sysuser' from app.cronactiontype cat, app.crontasks c where c.description = '" & E17 & "' and not exists (select 1 from app.cronaction c2 where c2.crontaskid = c.crontaskid) and cat.description = 'NONE';"} -> insert into app.cronaction (CronTaskId, CronActionTypeId, Payload, CreatedBy, LastUpdatedBy) select c.crontaskid, cat.CronActionTypeId,'{"EmailTextOnError":"tbd","TaskName":"DB Alert: Static Route UI Missing Dflt Value", "StateMachine":"" wms-tools-state-machine-db-alert-route-ui-dflt-miss", " Lambda ":" & C2 & ", "RequestType":"db-alert-route-ui-dflt-miss"}','sysuser', 'sysuser' from app.cronactiontype cat, app.crontasks c where c.description = 'DB Alert: Static Route UI Missing Dflt Value' and not exists (select 1 from app.cronaction c2 where c2.crontaskid = c.crontaskid) and cat.description = 'NONE'; | L17: ="insert into app.cronaction (CronTaskId, CronActionTypeId, Payload, CreatedBy, LastUpdatedBy) select c.crontaskid, cat.CronActionTypeId,'{""EmailTextOnError"":""tbd"",""TaskName"":""" & E17 & """, ""StateMachine"":""" & IF(ISNUMBER(SEARCH("DB Alert", E17)), "wms-tools-state-machine-db-alert", """ wms-tools-state-machine-" & D17 & "" ) & """, "" Lambda "":""" & C17 & """, ""RequestType"":""" & D17 &"""}','sysuser', 'sysuser' from app.cronactiontype cat, app.crontasks c where c.description = '" & E17 & "' and not exists (select 1 from app.cronaction c2 where c2.crontaskid = c.crontaskid) and cat.description = 'NONE';" -> insert into app.cronaction (CronTaskId, CronActionTypeId, Payload, CreatedBy, LastUpdatedBy) select c.crontaskid, cat.CronActionTypeId,'{"EmailTextOnError":"tbd","TaskName":"DB Alert: Static Route UI Missing Dflt Value", "StateMachine":"wms-tools-state-machine-db-alert", " Lambda ":"wms-tools-lambda-db-alert", "RequestType":"db-alert-route-ui-dflt-miss"}','sysuser', 'sysuser' from app.cronactiontype cat, app.crontasks c where c.description = 'DB Alert: Static Route UI Missing Dflt Value' and not exists (select 1 from app.cronaction c2 where c2.crontaskid = c.crontaskid) and cat.description = 'NONE'; | M17: STATIC ROUTE UI MISSING DFLT VALUE
A18: 83 | B18: =A18+1 -> 84 | C18: wms-tools-lambda-db-alert | D18: db-alert-routes-multi-wave | E18: DB Alert: Routes With Multiple Wave Numbers | F18: tbd | G18: (select null) | H18: ="insert into app.requesttype(requesttypeid, approute, description, longdescription) select (select max(r.requesttypeid) from app.requesttype r) + 1 requesttypeid, " & A18 & ", '" & D18 & "', '" & D18 & "' where not exists (select 1 from app.requesttype r2 where r2.approute = " & A18 & " );" -> insert into app.requesttype(requesttypeid, approute, description, longdescription) select (select max(r.requesttypeid) from app.requesttype r) + 1 requesttypeid, 83, 'db-alert-routes-multi-wave', 'db-alert-routes-multi-wave' where not exists (select 1 from app.requesttype r2 where r2.approute = 83 ); | I18: ="insert into app.requesttype(requesttypeid, approute, description, longdescription) select (select max(r.requesttypeid) from app.requesttype r) + 1 requesttypeid, " & B18 & ", '" & D18 & " Interactive', '" & D18 & " Interactive' where not exists (select 1 from app.requesttype r2 where r2.approute = " & B18 & " );" -> insert into app.requesttype(requesttypeid, approute, description, longdescription) select (select max(r.requesttypeid) from app.requesttype r) + 1 requesttypeid, 84, 'db-alert-routes-multi-wave Interactive', 'db-alert-routes-multi-wave Interactive' where not exists (select 1 from app.requesttype r2 where r2.approute = 84 ); | J18: ="insert into app.statemachinerepo(statemachine, description, requesttypeid) select '" & F18 & "-' || rt.description" & ", '" & F18 & "-' || rt.description" & ", rt.requesttypeid from app.requesttype rt where rt.description = '" & D18 & "' and not exists (select 1 from app.statemachinerepo sr where sr.description = '" & F18 & "-" & D18 & "');" -> insert into app.statemachinerepo(statemachine, description, requesttypeid) select 'tbd-' || rt.description, 'tbd-' || rt.description, rt.requesttypeid from app.requesttype rt where rt.description = 'db-alert-routes-multi-wave' and not exists (select 1 from app.statemachinerepo sr where sr.description = 'tbd-db-alert-routes-multi-wave'); | K18: {="insert into app.cronaction (CronTaskId, CronActionTypeId, Payload, CreatedBy, LastUpdatedBy) select c.crontaskid, cat.CronActionTypeId,'{""EmailTextOnError"":""tbd"",""TaskName"":""" & E18 & """, ""StateMachine"":""" & IF(ISNUMBER(SEARCH("DB Alert", E)), "wms-tools-state-machine-db-alert", """ wms-tools-state-machine-" & D18 & "" ) & """, "" Lambda "":"" & C2 & "", ""RequestType"":""" & D18 &"""}','sysuser', 'sysuser' from app.cronactiontype cat, app.crontasks c where c.description = '" & E18 & "' and not exists (select 1 from app.cronaction c2 where c2.crontaskid = c.crontaskid) and cat.description = 'NONE';"} -> insert into app.cronaction (CronTaskId, CronActionTypeId, Payload, CreatedBy, LastUpdatedBy) select c.crontaskid, cat.CronActionTypeId,'{"EmailTextOnError":"tbd","TaskName":"DB Alert: Routes With Multiple Wave Numbers", "StateMachine":"" wms-tools-state-machine-db-alert-routes-multi-wave", " Lambda ":" & C2 & ", "RequestType":"db-alert-routes-multi-wave"}','sysuser', 'sysuser' from app.cronactiontype cat, app.crontasks c where c.description = 'DB Alert: Routes With Multiple Wave Numbers' and not exists (select 1 from app.cronaction c2 where c2.crontaskid = c.crontaskid) and cat.description = 'NONE'; | L18: ="insert into app.cronaction (CronTaskId, CronActionTypeId, Payload, CreatedBy, LastUpdatedBy) select c.crontaskid, cat.CronActionTypeId,'{""EmailTextOnError"":""tbd"",""TaskName"":""" & E18 & """, ""StateMachine"":""" & IF(ISNUMBER(SEARCH("DB Alert", E18)), "wms-tools-state-machine-db-alert", """ wms-tools-state-machine-" & D18 & "" ) & """, "" Lambda "":""" & C18 & """, ""RequestType"":""" & D18 &"""}','sysuser', 'sysuser' from app.cronactiontype cat, app.crontasks c where c.description = '" & E18 & "' and not exists (select 1 from app.cronaction c2 where c2.crontaskid = c.crontaskid) and cat.description = 'NONE';" -> insert into app.cronaction (CronTaskId, CronActionTypeId, Payload, CreatedBy, LastUpdatedBy) select c.crontaskid, cat.CronActionTypeId,'{"EmailTextOnError":"tbd","TaskName":"DB Alert: Routes With Multiple Wave Numbers", "StateMachine":"wms-tools-state-machine-db-alert", " Lambda ":"wms-tools-lambda-db-alert", "RequestType":"db-alert-routes-multi-wave"}','sysuser', 'sysuser' from app.cronactiontype cat, app.crontasks c where c.description = 'DB Alert: Routes With Multiple Wave Numbers' and not exists (select 1 from app.cronaction c2 where c2.crontaskid = c.crontaskid) and cat.description = 'NONE'; | M18: ROUTES WITH MULTIPLE WAVE NUMBERS
... A74: 195 | B74: =A74+1 -> 196 | C74: wms-tools-lambda-upd-ext-barcode | D74: upd-ext-barcode | E74: Update Ext Display Barcode | F74: tbd | G74: (select rt2.requesttypeid from app.requesttype rt2 where rt2.description = 'CRON Scheduling Dashboard') | H74: ="insert into app.requesttype(requesttypeid, approute, description, longdescription) select (select max(r.requesttypeid) from app.requesttype r) + 1 requesttypeid, " & A74 & ", '" & D74 & "', '" & D74 & "' where not exists (select 1 from app.requesttype r2 where r2.approute = " & A74 & " );" -> insert into app.requesttype(requesttypeid, approute, description, longdescription) select (select max(r.requesttypeid) from app.requesttype r) + 1 requesttypeid, 195, 'upd-ext-barcode', 'upd-ext-barcode' where not exists (select 1 from app.requesttype r2 where r2.approute = 195 ); | I74: ="insert into app.requesttype(requesttypeid, approute, description, longdescription) select (select max(r.requesttypeid) from app.requesttype r) + 1 requesttypeid, " & B74 & ", '" & D74 & " Interactive', '" & D74 & " Interactive' where not exists (select 1 from app.requesttype r2 where r2.approute = " & B74 & " );" -> insert into app.requesttype(requesttypeid, approute, description, longdescription) select (select max(r.requesttypeid) from app.requesttype r) + 1 requesttypeid, 196, 'upd-ext-barcode Interactive', 'upd-ext-barcode Interactive' where not exists (select 1 from app.requesttype r2 where r2.approute = 196 ); | J74: ="insert into app.statemachinerepo(statemachine, description, requesttypeid) select '" & F74 & "-' || rt.description" & ", '" & F74 & "-' || rt.description" & ", rt.requesttypeid from app.requesttype rt where rt.description = '" & D74 & "' and not exists (select 1 from app.statemachinerepo sr where sr.description = '" & F74 & "-" & D74 & "');" -> insert into app.statemachinerepo(statemachine, description, requesttypeid) select 'tbd-' || rt.description, 'tbd-' || rt.description, rt.requesttypeid from app.requesttype rt where rt.description = 'upd-ext-barcode' and not exists (select 1 from app.statemachinerepo sr where sr.description = 'tbd-upd-ext-barcode'); | K74: {="insert into app.cronaction (CronTaskId, CronActionTypeId, Payload, CreatedBy, LastUpdatedBy) select c.crontaskid, cat.CronActionTypeId,'{""EmailTextOnError"":""tbd"",""TaskName"":""" & E74 & """, ""StateMachine"":""" & IF(ISNUMBER(SEARCH("DB Alert", E)), "wms-tools-state-machine-db-alert", """ wms-tools-state-machine-" & D74 & "" ) & """, "" Lambda "":"" & C2 & "", ""RequestType"":""" & D74 &"""}','sysuser', 'sysuser' from app.cronactiontype cat, app.crontasks c where c.description = '" & E74 & "' and not exists (select 1 from app.cronaction c2 where c2.crontaskid = c.crontaskid) and cat.description = 'NONE';"} -> insert into app.cronaction (CronTaskId, CronActionTypeId, Payload, CreatedBy, LastUpdatedBy) select c.crontaskid, cat.CronActionTypeId,'{"EmailTextOnError":"tbd","TaskName":"Update Ext Display Barcode", "StateMachine":"" wms-tools-state-machine-upd-ext-barcode", " Lambda ":" & C2 & ", "RequestType":"upd-ext-barcode"}','sysuser', 'sysuser' from app.cronactiontype cat, app.crontasks c where c.description = 'Update Ext Display Barcode' and not exists (select 1 from app.cronaction c2 where c2.crontaskid = c.crontaskid) and cat.description = 'NONE'; | L74: ="insert into app.cronaction (CronTaskId, CronActionTypeId, Payload, CreatedBy, LastUpdatedBy) select c.crontaskid, cat.CronActionTypeId,'{""EmailTextOnError"":""tbd"",""TaskName"":""" & E74 & """, ""StateMachine"":""" & IF(ISNUMBER(SEARCH("DB Alert", E74)), "wms-tools-state-machine-db-alert", """ wms-tools-state-machine-" & D74 & "" ) & """, "" Lambda "":""" & C74 & """, ""RequestType"":""" & D74 &"""}','sysuser', 'sysuser' from app.cronactiontype cat, app.crontasks c where c.description = '" & E74 & "' and not exists (select 1 from app.cronaction c2 where c2.crontaskid = c.crontaskid) and cat.description = 'NONE';" -> insert into app.cronaction (CronTaskId, CronActionTypeId, Payload, CreatedBy, LastUpdatedBy) select c.crontaskid, cat.CronActionTypeId,'{"EmailTextOnError":"tbd","TaskName":"Update Ext Display Barcode", "StateMachine":"" wms-tools-state-machine-upd-ext-barcode", " Lambda ":"wms-tools-lambda-upd-ext-barcode", "RequestType":"upd-ext-barcode"}','sysuser', 'sysuser' from app.cronactiontype cat, app.crontasks c where c.description = 'Update Ext Display Barcode' and not exists (select 1 from app.cronaction c2 where c2.crontaskid = c.crontaskid) and cat.description = 'NONE'; | M74: update_ext_display_barcode

Sheet createdetail
A1: requesttype
A2: =newreqtype!D2 -> in-transit-rma-asn-7-days | B2: =_xlfn._LONGTEXT("insert into app.warehouselocationdetail(description, longdescription, warehouseid, requesttypeid, createdby, lastupdatedby) select rt.description, rt.description, w.warehouseid, rt.requesttypeid, 'sysuser', 'sysuser' from app.warehouselocation w, app",".requesttype rt where w.warehouseshortname not in ('DEFAULTS', 'PRODEV') and rt.description = '") & A2 & "' and not exists (select 1 from app.warehouselocationdetail r where r.requesttypeid = rt.requesttypeid and r.warehouseid = e.warehouseid);" -> insert into app.warehouselocationdetail(description, longdescription, warehouseid, requesttypeid, createdby, lastupdatedby) select rt.description, rt.description, w.warehouseid, rt.requesttypeid, 'sysuser', 'sysuser' from app.warehouselocation w, app.requesttype rt where w.warehouseshortname not in ('DEFAULTS', 'PRODEV') and rt.description = 'in-transit-rma-asn-7-days' and not exists (select 1 from app.warehouselocationdetail r where r.requesttypeid = rt.requesttypeid and r.warehouseid = e.warehouseid);
A3: =newreqtype!D3 -> in-transit-rma-asn-30-days | B3: =_xlfn._LONGTEXT("insert into app.warehouselocationdetail(description, longdescription, warehouseid, requesttypeid, createdby, lastupdatedby) select rt.description, rt.description, w.warehouseid, rt.requesttypeid, 'sysuser', 'sysuser' from app.warehouselocation w, app",".requesttype rt where w.warehouseshortname not in ('DEFAULTS', 'PRODEV') and rt.description = '") & A3 & "' and not exists (select 1 from app.warehouselocationdetail r where r.requesttypeid = rt.requesttypeid and r.warehouseid = e.warehouseid);" -> insert into app.warehouselocationdetail(description, longdescription, warehouseid, requesttypeid, createdby, lastupdatedby) select rt.description, rt.description, w.warehouseid, rt.requesttypeid, 'sysuser', 'sysuser' from app.warehouselocation w, app.requesttype rt where w.warehouseshortname not in ('DEFAULTS', 'PRODEV') and rt.description = 'in-transit-rma-asn-30-days' and not exists (select 1 from app.warehouselocationdetail r where r.requesttypeid = rt.requesttypeid and r.warehouseid = e.warehouseid);
A4: =newreqtype!D4 -> db-alert-order-no-desig-assign | B4: =_xlfn._LONGTEXT("insert into app.warehouselocationdetail(description, longdescription, warehouseid, requesttypeid, createdby, lastupdatedby) select rt.description, rt.description, w.warehouseid, rt.requesttypeid, 'sysuser', 'sysuser' from app.warehouselocation w, app",".requesttype rt where w.warehouseshortname not in ('DEFAULTS', 'PRODEV') and rt.description = '") & A4 & "' and not exists (select 1 from app.warehouselocationdetail r where r.requesttypeid = rt.requesttypeid and r.warehouseid = e.warehouseid);" -> insert into app.warehouselocationdetail(description, longdescription, warehouseid, requesttypeid, createdby, lastupdatedby) select rt.description, rt.description, w.warehouseid, rt.requesttypeid, 'sysuser', 'sysuser' from app.warehouselocation w, app.requesttype rt where w.warehouseshortname not in ('DEFAULTS', 'PRODEV') and rt.description = 'db-alert-order-no-desig-assign' and not exists (select 1 from app.warehouselocationdetail r where r.requesttypeid = rt.requesttypeid and r.warehouseid = e.warehouseid);
A5: =newreqtype!D5 -> db-alert-order-no-desig | B5: =_xlfn._LONGTEXT("insert into app.warehouselocationdetail(description, longdescription, warehouseid, requesttypeid, createdby, lastupdatedby) select rt.description, rt.description, w.warehouseid, rt.requesttypeid, 'sysuser', 'sysuser' from app.warehouselocation w, app",".requesttype rt where w.warehouseshortname not in ('DEFAULTS', 'PRODEV') and rt.description = '") & A5 & "' and not exists (select 1 from app.warehouselocationdetail r where r.requesttypeid = rt.requesttypeid and r.warehouseid = e.warehouseid);" -> insert into app.warehouselocationdetail(description, longdescription, warehouseid, requesttypeid, createdby, lastupdatedby) select rt.description, rt.description, w.warehouseid, rt.requesttypeid, 'sysuser', 'sysuser' from app.warehouselocation w, app.requesttype rt where w.warehouseshortname not in ('DEFAULTS', 'PRODEV') and rt.description = 'db-alert-order-no-desig' and not exists (select 1 from app.warehouselocationdetail r where r.requesttypeid = rt.requesttypeid and r.warehouseid = e.warehouseid);
A6: =newreqtype!D6 -> db-alert-static-route-missing-threshold | B6: =_xlfn._LONGTEXT("insert into app.warehouselocationdetail(description, longdescription, warehouseid, requesttypeid, createdby, lastupdatedby) select rt.description, rt.description, w.warehouseid, rt.requesttypeid, 'sysuser', 'sysuser' from app.warehouselocation w, app",".requesttype rt where w.warehouseshortname not in ('DEFAULTS', 'PRODEV') and rt.description = '") & A6 & "' and not exists (select 1 from app.warehouselocationdetail r where r.requesttypeid = rt.requesttypeid and r.warehouseid = e.warehouseid);" -> insert into app.warehouselocationdetail(description, longdescription, warehouseid, requesttypeid, createdby, lastupdatedby) select rt.description, rt.description, w.warehouseid, rt.requesttypeid, 'sysuser', 'sysuser' from app.warehouselocation w, app.requesttype rt where w.warehouseshortname not in ('DEFAULTS', 'PRODEV') and rt.description = 'db-alert-static-route-missing-threshold' and not exists (select 1 from app.warehouselocationdetail r where r.requesttypeid = rt.requesttypeid and r.warehouseid = e.warehouseid);
A7: =newreqtype!D7 -> db-alert-order-not-process-15m | B7: =_xlfn._LONGTEXT("insert into app.warehouselocationdetail(description, longdescription, warehouseid, requesttypeid, createdby, lastupdatedby) select rt.description, rt.description, w.warehouseid, rt.requesttypeid, 'sysuser', 'sysuser' from app.warehouselocation w, app",".requesttype rt where w.warehouseshortname not in ('DEFAULTS', 'PRODEV') and rt.description = '") & A7 & "' and not exists (select 1 from app.warehouselocationdetail r where r.requesttypeid = rt.requesttypeid and r.warehouseid = e.warehouseid);" -> insert into app.warehouselocationdetail(description, longdescription, warehouseid, requesttypeid, createdby, lastupdatedby) select rt.description, rt.description, w.warehouseid, rt.requesttypeid, 'sysuser', 'sysuser' from app.warehouselocation w, app.requesttype rt where w.warehouseshortname not in ('DEFAULTS', 'PRODEV') and rt.description = 'db-alert-order-not-process-15m' and not exists (select 1 from app.warehouselocationdetail r where r.requesttypeid = rt.requesttypeid and r.warehouseid = e.warehouseid);
A8: =newreqtype!D8 -> lpns-no-task-api-fail | B8: =_xlfn._LONGTEXT("insert into app.warehouselocationdetail(description, longdescription, warehouseid, requesttypeid, createdby, lastupdatedby) select rt.description, rt.description, w.warehouseid, rt.requesttypeid, 'sysuser', 'sysuser' from app.warehouselocation w, app",".requesttype rt where w.warehouseshortname not in ('DEFAULTS', 'PRODEV') and rt.description = '") & A8 & "' and not exists (select 1 from app.warehouselocationdetail r where r.requesttypeid = rt.requesttypeid and r.warehouseid = e.warehouseid);" -> insert into app.warehouselocationdetail(description, longdescription, warehouseid, requesttypeid, createdby, lastupdatedby) select rt.description, rt.description, w.warehouseid, rt.requesttypeid, 'sysuser', 'sysuser' from app.warehouselocation w, app.requesttype rt where w.warehouseshortname not in ('DEFAULTS', 'PRODEV') and rt.description = 'lpns-no-task-api-fail' and not exists (select 1 from app.warehouselocationdetail r where r.requesttypeid = rt.requesttypeid and r.warehouseid = e.warehouseid);
A9: =newreqtype!D9 -> fs-alpha-asn-error | B9: =_xlfn._LONGTEXT("insert into app.warehouselocationdetail(description, longdescription, warehouseid, requesttypeid, createdby, lastupdatedby) select rt.description, rt.description, w.warehouseid, rt.requesttypeid, 'sysuser', 'sysuser' from app.warehouselocation w, app",".requesttype rt where w.warehouseshortname not in ('DEFAULTS', 'PRODEV') and rt.description = '") & A9 & "' and not exists (select 1 from app.warehouselocationdetail r where r.requesttypeid = rt.requesttypeid and r.warehouseid = e.warehouseid);" -> insert into app.warehouselocationdetail(description, longdescription, warehouseid, requesttypeid, createdby, lastupdatedby) select rt.description, rt.description, w.warehouseid, rt.requesttypeid, 'sysuser', 'sysuser' from app.warehouselocation w, app.requesttype rt where w.warehouseshortname not in ('DEFAULTS', 'PRODEV') and rt.description = 'fs-alpha-asn-error' and not exists (select 1 from app.warehouselocationdetail r where r.requesttypeid = rt.requesttypeid and r.warehouseid = e.warehouseid);
A10: =newreqtype!D10 -> fs-alpha-open-err-asn | B10: =_xlfn._LONGTEXT("insert into app.warehouselocationdetail(description, longdescription, warehouseid, requesttypeid, createdby, lastupdatedby) select rt.description, rt.description, w.warehouseid, rt.requesttypeid, 'sysuser', 'sysuser' from app.warehouselocation w, app",".requesttype rt where w.warehouseshortname not in ('DEFAULTS', 'PRODEV') and rt.description = '") & A10 & "' and not exists (select 1 from app.warehouselocationdetail r where r.requesttypeid = rt.requesttypeid and r.warehouseid = e.warehouseid);" -> insert into app.warehouselocationdetail(description, longdescription, warehouseid, requesttypeid, createdby, lastupdatedby) select rt.description, rt.description, w.warehouseid, rt.requesttypeid, 'sysuser', 'sysuser' from app.warehouselocation w, app.requesttype rt where w.warehouseshortname not in ('DEFAULTS', 'PRODEV') and rt.description = 'fs-alpha-open-err-asn' and not exists (select 1 from app.warehouselocationdetail r where r.requesttypeid = rt.requesttypeid and r.warehouseid = e.warehouseid);
A11: =newreqtype!D11 -> fs-alpha-open-returns | B11: =_xlfn._LONGTEXT("insert into app.warehouselocationdetail(description, longdescription, warehouseid, requesttypeid, createdby, lastupdatedby) select rt.description, rt.description, w.warehouseid, rt.requesttypeid, 'sysuser', 'sysuser' from app.warehouselocation w, app",".requesttype rt where w.warehouseshortname not in ('DEFAULTS', 'PRODEV') and rt.description = '") & A11 & "' and not exists (select 1 from app.warehouselocationdetail r where r.requesttypeid = rt.requesttypeid and r.warehouseid = e.warehouseid);" -> insert into app.warehouselocationdetail(description, longdescription, warehouseid, requesttypeid, createdby, lastupdatedby) select rt.description, rt.description, w.warehouseid, rt.requesttypeid, 'sysuser', 'sysuser' from app.warehouselocation w, app.requesttype rt where w.warehouseshortname not in ('DEFAULTS', 'PRODEV') and rt.description = 'fs-alpha-open-returns' and not exists (select 1 from app.warehouselocationdetail r where r.requesttypeid = rt.requesttypeid and r.warehouseid = e.warehouseid);
A12: =newreqtype!D12 -> divert-conf-down | B12: =_xlfn._LONGTEXT("insert into app.warehouselocationdetail(description, longdescription, warehouseid, requesttypeid, createdby, lastupdatedby) select rt.description, rt.description, w.warehouseid, rt.requesttypeid, 'sysuser', 'sysuser' from app.warehouselocation w, app",".requesttype rt where w.warehouseshortname not in ('DEFAULTS', 'PRODEV') and rt.description = '") & A12 & "' and not exists (select 1 from app.warehouselocationdetail r where r.requesttypeid = rt.requesttypeid and r.warehouseid = e.warehouseid);" -> insert into app.warehouselocationdetail(description, longdescription, warehouseid, requesttypeid, createdby, lastupdatedby) select rt.description, rt.description, w.warehouseid, rt.requesttypeid, 'sysuser', 'sysuser' from app.warehouselocation w, app.requesttype rt where w.warehouseshortname not in ('DEFAULTS', 'PRODEV') and rt.description = 'divert-conf-down' and not exists (select 1 from app.warehouselocationdetail r where r.requesttypeid = rt.requesttypeid and r.warehouseid = e.warehouseid);
A13: =newreqtype!D13 -> endpoint-queue-fail | B13: =_xlfn._LONGTEXT("insert into app.warehouselocationdetail(description, longdescription, warehouseid, requesttypeid, createdby, lastupdatedby) select rt.description, rt.description, w.warehouseid, rt.requesttypeid, 'sysuser', 'sysuser' from app.warehouselocation w, app",".requesttype rt where w.warehouseshortname not in ('DEFAULTS', 'PRODEV') and rt.description = '") & A13 & "' and not exists (select 1 from app.warehouselocationdetail r where r.requesttypeid = rt.requesttypeid and r.warehouseid = e.warehouseid);" -> insert into app.warehouselocationdetail(description, longdescription, warehouseid, requesttypeid, createdby, lastupdatedby) select rt.description, rt.description, w.warehouseid, rt.requesttypeid, 'sysuser', 'sysuser' from app.warehouselocation w, app.requesttype rt where w.warehouseshortname not in ('DEFAULTS', 'PRODEV') and rt.description = 'endpoint-queue-fail' and not exists (select 1 from app.warehouselocationdetail r where r.requesttypeid = rt.requesttypeid and r.warehouseid = e.warehouseid);
... A73: =newreqtype!D73 -> mawm-cons-report | B73: =_xlfn._LONGTEXT("insert into app.warehouselocationdetail(description, longdescription, warehouseid, requesttypeid, createdby, lastupdatedby) select rt.description, rt.description, w.warehouseid, rt.requesttypeid, 'sysuser', 'sysuser' from app.warehouselocation w, app",".requesttype rt where w.warehouseshortname not in ('DEFAULTS', 'PRODEV') and rt.description = '") & A73 & "' and not exists (select 1 from app.warehouselocationdetail r where r.requesttypeid = rt.requesttypeid and r.warehouseid = e.warehouseid);" -> insert into app.warehouselocationdetail(description, longdescription, warehouseid, requesttypeid, createdby, lastupdatedby) select rt.description, rt.description, w.warehouseid, rt.requesttypeid, 'sysuser', 'sysuser' from app.warehouselocation w, app.requesttype rt where w.warehouseshortname not in ('DEFAULTS', 'PRODEV') and rt.description = 'mawm-cons-report' and not exists (select 1 from app.warehouselocationdetail r where r.requesttypeid = rt.requesttypeid and r.warehouseid = e.warehouseid);
A74: =newreqtype!#REF! -> #REF! | B74: =_xlfn._LONGTEXT("insert into app.warehouselocationdetail(description, longdescription, warehouseid, requesttypeid, createdby, lastupdatedby) select rt.description, rt.description, w.warehouseid, rt.requesttypeid, 'sysuser', 'sysuser' from app.warehouselocation w, app",".requesttype rt where w.warehouseshortname not in ('DEFAULTS', 'PRODEV') and rt.description = '") & A74 & "' and not exists (select 1 from app.warehouselocationdetail r where r.requesttypeid = rt.requesttypeid and r.warehouseid = e.warehouseid);" -> #REF!
A75: =newreqtype!D74 -> upd-ext-barcode | B75: =_xlfn._LONGTEXT("insert into app.warehouselocationdetail(description, longdescription, warehouseid, requesttypeid, createdby, lastupdatedby) select rt.description, rt.description, w.warehouseid, rt.requesttypeid, 'sysuser', 'sysuser' from app.warehouselocation w, app",".requesttype rt where w.warehouseshortname not in ('DEFAULTS', 'PRODEV') and rt.description = '") & A75 & "' and not exists (select 1 from app.warehouselocationdetail r where r.requesttypeid = rt.requesttypeid and r.warehouseid = e.warehouseid);" -> insert into app.warehouselocationdetail(description, longdescription, warehouseid, requesttypeid, createdby, lastupdatedby) select rt.description, rt.description, w.warehouseid, rt.requesttypeid, 'sysuser', 'sysuser' from app.warehouselocation w, app.requesttype rt where w.warehouseshortname not in ('DEFAULTS', 'PRODEV') and rt.description = 'upd-ext-barcode' and not exists (select 1 from app.warehouselocationdetail r where r.requesttypeid = rt.requesttypeid and r.warehouseid = e.warehouseid);

Sheet updatedetail
A1: orgid | B1: requesttype | C1: sql | D1: alloption | E1: subject | F1: fromemail | G1: toemail | H1: ccemail | I1: hmtlheader | J1: introhtml | K1: tablheaders | L1: tablerows | M1: footerhtml | N1: payload | O1: update sql
A2: ABQ | B2: =newreqtype!D2 -> in-transit-rma-asn-7-days | C2: select org_id, asn_id, asn_status, created_timestamp from default_receiving.RCV_ASN where org_id = %(orgName)s and asn_status = ''1000'' and canceled = ''0'' and asn_origin_type_id =''R'' and created_timestamp <= now() - interval %(days)s day | D2: ="[" & IF(C2 = "", "", "{""sql"": """ & C2 & """},") & "{""days"": """ & "7" & """}]" -> [{"sql": "select org_id, asn_id, asn_status, created_timestamp from default_receiving.RCV_ASN where org_id = %(orgName)s and asn_status = ''1000'' and canceled = ''0'' and asn_origin_type_id =''R'' and created_timestamp <= now() - interval %(days)s day "},{"days": "7"}] | E2: created.in.the.python.code | F2: noreply@rndc-usa.com | G2: use.email.from.result.set.from.mysql | I2: <h2 style=''margin:0;''>WILL CALL ALERT</h2> | J2: created.in.the.python.code | K2: ="[""Invoice"", ""Status""]" -> ["Invoice", "Status"] | L2: [] | M2: <h2 style=''margin:0;''>FOOTER.TBD</h2> | N2: ="{ ""emailContent"": {""subject"":""" &E2& """,""fromEmail"":""" & F2 & """,""toEmail"":""" & G2 & """," & (IF(H2 = "", "", """ccEmail"": """ & H2 & """,")) & """sections"":[{""htmlHeader"":""" & I2 & """},{""introHtml"":""" &J2 & """},{""tableHtml"":{""tableHeaders"":" & K2 & ",""tableRows"":" & L2 & "}},{""footerHtml"":""" & M2 & """}]}, ""allOption"": " & D2 & "}" -> { "emailContent": {"subject":"created.in.the.python.code","fromEmail":"noreply@rndc-usa.com","toEmail":"use.email.from.result.set.from.mysql","sections":[{"htmlHeader":"<h2 style=''margin:0;''>WILL CALL ALERT</h2>"},{"introHtml":"created.in.the.python.code"},{"tableHtml":{"tableHeaders":["Invoice", "Status"],"tableRows":[]}},{"footerHtml":"<h2 style=''margin:0;''>FOOTER.TBD</h2>"}]}, "allOption": [{"sql": "select org_id, asn_id, asn_status, created_timestamp from default_receiving.RCV_ASN where org_id = %(orgName)s and asn_status = ''1000'' and canceled = ''0'' and asn_origin_type_id =''R'' and created_timestamp <= now() - interval %(days)s day "},{"days": "7"}]} | O2: ="update app.warehouselocationdetail set payload = '" & N2 & "' where warehouseid = (select w.warehouseid from app.warehouselocation w where w.warehouseshortname='"&A2&"') and requesttypeid=(select rt.requesttypeid from app.requesttype rt where rt.description='"&B2& "');" -> update app.warehouselocationdetail set payload = '{ "emailContent": {"subject":"created.in.the.python.code","fromEmail":"noreply@rndc-usa.com","toEmail":"use.email.from.result.set.from.mysql","sections":[{"htmlHeader":"<h2 style=''margin:0;''>WILL CALL ALERT</h2>"},{"introHtml":"created.in.the.python.code"},{"tableHtml":{"tableHeaders":["Invoice", "Status"],"tableRows":[]}},{"footerHtml":"<h2 style=''margin:0;''>FOOTER.TBD</h2>"}]}, "allOption": [{"sql": "select org_id, asn_id, asn_status, created_timestamp from default_receiving.RCV_ASN where org_id = %(orgName)s and asn_status = ''1000'' and canceled = ''0'' and asn_origin_type_id =''R'' and created_timestamp <= now() - interval %(days)s day "},{"days": "7"}]}' where warehouseid = (select w.warehouseid from app.warehouselocation w where w.warehouseshortname='ABQ') and requesttypeid=(select rt.requesttypeid from app.requesttype rt where rt.description='in-transit-rma-asn-7-days');
A3: ARK | B3: =B2 -> in-transit-rma-asn-7-days | C3: select org_id, asn_id, asn_status, created_timestamp from default_receiving.RCV_ASN where org_id = %(orgName)s and asn_status = ''1000'' and canceled = ''0'' and asn_origin_type_id =''R'' and created_timestamp <= now() - interval %(days)s day | D3: ="[" & IF(C3 = "", "", "{""sql"": """ & C3 & """},") & "{""days"": """ & "7" & """}]" -> [{"sql": "select org_id, asn_id, asn_status, created_timestamp from default_receiving.RCV_ASN where org_id = %(orgName)s and asn_status = ''1000'' and canceled = ''0'' and asn_origin_type_id =''R'' and created_timestamp <= now() - interval %(days)s day "},{"days": "7"}] | E3: created.in.the.python.code | F3: noreply@rndc-usa.com | G3: use.email.from.result.set.from.mysql | I3: <h2 style=''margin:0;''>WILL CALL ALERT</h2> | J3: created.in.the.python.code | K3: ="[""Invoice"", ""Status""]" -> ["Invoice", "Status"] | L3: [] | M3: <h2 style=''margin:0;''>FOOTER.TBD</h2> | N3: ="{ ""emailContent"": {""subject"":""" &E3& """,""fromEmail"":""" & F3 & """,""toEmail"":""" & G3 & """," & (IF(H3 = "", "", """ccEmail"": """ & H3 & """,")) & """sections"":[{""htmlHeader"":""" & I3 & """},{""introHtml"":""" &J3 & """},{""tableHtml"":{""tableHeaders"":" & K3 & ",""tableRows"":" & L3 & "}},{""footerHtml"":""" & M3 & """}]}, ""allOption"": " & D3 & "}" -> { "emailContent": {"subject":"created.in.the.python.code","fromEmail":"noreply@rndc-usa.com","toEmail":"use.email.from.result.set.from.mysql","sections":[{"htmlHeader":"<h2 style=''margin:0;''>WILL CALL ALERT</h2>"},{"introHtml":"created.in.the.python.code"},{"tableHtml":{"tableHeaders":["Invoice", "Status"],"tableRows":[]}},{"footerHtml":"<h2 style=''margin:0;''>FOOTER.TBD</h2>"}]}, "allOption": [{"sql": "select org_id, asn_id, asn_status, created_timestamp from default_receiving.RCV_ASN where org_id = %(orgName)s and asn_status = ''1000'' and canceled = ''0'' and asn_origin_type_id =''R'' and created_timestamp <= now() - interval %(days)s day "},{"days": "7"}]} | O3: ="update app.warehouselocationdetail set payload = '" & N3 & "' where warehouseid = (select w.warehouseid from app.warehouselocation w where w.warehouseshortname='"&A3&"') and requesttypeid=(select rt.requesttypeid from app.requesttype rt where rt.description='"&B3& "');" -> update app.warehouselocationdetail set payload = '{ "emailContent": {"subject":"created.in.the.python.code","fromEmail":"noreply@rndc-usa.com","toEmail":"use.email.from.result.set.from.mysql","sections":[{"htmlHeader":"<h2 style=''margin:0;''>WILL CALL ALERT</h2>"},{"introHtml":"created.in.the.python.code"},{"tableHtml":{"tableHeaders":["Invoice", "Status"],"tableRows":[]}},{"footerHtml":"<h2 style=''margin:0;''>FOOTER.TBD</h2>"}]}, "allOption": [{"sql": "select org_id, asn_id, asn_status, created_timestamp from default_receiving.RCV_ASN where org_id = %(orgName)s and asn_status = ''1000'' and canceled = ''0'' and asn_origin_type_id =''R'' and created_timestamp <= now() - interval %(days)s day "},{"days": "7"}]}' where warehouseid = (select w.warehouseid from app.warehouselocation w where w.warehouseshortname='ARK') and requesttypeid=(select rt.requesttypeid from app.requesttype rt where rt.description='in-transit-rma-asn-7-days');
A4: ASH | B4: =B3 -> in-transit-rma-asn-7-days | C4: select org_id, asn_id, asn_status, created_timestamp from default_receiving.RCV_ASN where org_id = %(orgName)s and asn_status = ''1000'' and canceled = ''0'' and asn_origin_type_id =''R'' and created_timestamp <= now() - interval %(days)s day | D4: ="[" & IF(C4 = "", "", "{""sql"": """ & C4 & """},") & "{""days"": """ & "7" & """}]" -> [{"sql": "select org_id, asn_id, asn_status, created_timestamp from default_receiving.RCV_ASN where org_id = %(orgName)s and asn_status = ''1000'' and canceled = ''0'' and asn_origin_type_id =''R'' and created_timestamp <= now() - interval %(days)s day "},{"days": "7"}] | E4: created.in.the.python.code | F4: noreply@rndc-usa.com | G4: use.email.from.result.set.from.mysql | I4: <h2 style=''margin:0;''>WILL CALL ALERT</h2> | J4: created.in.the.python.code | K4: ="[""Invoice"", ""Status""]" -> ["Invoice", "Status"] | L4: [] | M4: <h2 style=''margin:0;''>FOOTER.TBD</h2> | N4: ="{ ""emailContent"": {""subject"":""" &E4& """,""fromEmail"":""" & F4 & """,""toEmail"":""" & G4 & """," & (IF(H4 = "", "", """ccEmail"": """ & H4 & """,")) & """sections"":[{""htmlHeader"":""" & I4 & """},{""introHtml"":""" &J4 & """},{""tableHtml"":{""tableHeaders"":" & K4 & ",""tableRows"":" & L4 & "}},{""footerHtml"":""" & M4 & """}]}, ""allOption"": " & D4 & "}" -> { "emailContent": {"subject":"created.in.the.python.code","fromEmail":"noreply@rndc-usa.com","toEmail":"use.email.from.result.set.from.mysql","sections":[{"htmlHeader":"<h2 style=''margin:0;''>WILL CALL ALERT</h2>"},{"introHtml":"created.in.the.python.code"},{"tableHtml":{"tableHeaders":["Invoice", "Status"],"tableRows":[]}},{"footerHtml":"<h2 style=''margin:0;''>FOOTER.TBD</h2>"}]}, "allOption": [{"sql": "select org_id, asn_id, asn_status, created_timestamp from default_receiving.RCV_ASN where org_id = %(orgName)s and asn_status = ''1000'' and canceled = ''0'' and asn_origin_type_id =''R'' and created_timestamp <= now() - interval %(days)s day "},{"days": "7"}]} | O4: ="update app.warehouselocationdetail set payload = '" & N4 & "' where warehouseid = (select w.warehouseid from app.warehouselocation w where w.warehouseshortname='"&A4&"') and requesttypeid=(select rt.requesttypeid from app.requesttype rt where rt.description='"&B4& "');" -> update app.warehouselocationdetail set payload = '{ "emailContent": {"subject":"created.in.the.python.code","fromEmail":"noreply@rndc-usa.com","toEmail":"use.email.from.result.set.from.mysql","sections":[{"htmlHeader":"<h2 style=''margin:0;''>WILL CALL ALERT</h2>"},{"introHtml":"created.in.the.python.code"},{"tableHtml":{"tableHeaders":["Invoice", "Status"],"tableRows":[]}},{"footerHtml":"<h2 style=''margin:0;''>FOOTER.TBD</h2>"}]}, "allOption": [{"sql": "select org_id, asn_id, asn_status, created_timestamp from default_receiving.RCV_ASN where org_id = %(orgName)s and asn_status = ''1000'' and canceled = ''0'' and asn_origin_type_id =''R'' and created_timestamp <= now() - interval %(days)s day "},{"days": "7"}]}' where warehouseid = (select w.warehouseid from app.warehouselocation w where w.warehouseshortname='ASH') and requesttypeid=(select rt.requesttypeid from app.requesttype rt where rt.description='in-transit-rma-asn-7-days');
A5: ATL | B5: =B4 -> in-transit-rma-asn-7-days | C5: select org_id, asn_id, asn_status, created_timestamp from default_receiving.RCV_ASN where org_id = %(orgName)s and asn_status = ''1000'' and canceled = ''0'' and asn_origin_type_id =''R'' and created_timestamp <= now() - interval %(days)s day | D5: ="[" & IF(C5 = "", "", "{""sql"": """ & C5 & """},") & "{""days"": """ & "7" & """}]" -> [{"sql": "select org_id, asn_id, asn_status, created_timestamp from default_receiving.RCV_ASN where org_id = %(orgName)s and asn_status = ''1000'' and canceled = ''0'' and asn_origin_type_id =''R'' and created_timestamp <= now() - interval %(days)s day "},{"days": "7"}] | E5: created.in.the.python.code | F5: noreply@rndc-usa.com | G5: use.email.from.result.set.from.mysql | I5: <h2 style=''margin:0;''>WILL CALL ALERT</h2> | J5: created.in.the.python.code | K5: ="[""Invoice"", ""Status""]" -> ["Invoice", "Status"] | L5: [] | M5: <h2 style=''margin:0;''>FOOTER.TBD</h2> | N5: ="{ ""emailContent"": {""subject"":""" &E5& """,""fromEmail"":""" & F5 & """,""toEmail"":""" & G5 & """," & (IF(H5 = "", "", """ccEmail"": """ & H5 & """,")) & """sections"":[{""htmlHeader"":""" & I5 & """},{""introHtml"":""" &J5 & """},{""tableHtml"":{""tableHeaders"":" & K5 & ",""tableRows"":" & L5 & "}},{""footerHtml"":""" & M5 & """}]}, ""allOption"": " & D5 & "}" -> { "emailContent": {"subject":"created.in.the.python.code","fromEmail":"noreply@rndc-usa.com","toEmail":"use.email.from.result.set.from.mysql","sections":[{"htmlHeader":"<h2 style=''margin:0;''>WILL CALL ALERT</h2>"},{"introHtml":"created.in.the.python.code"},{"tableHtml":{"tableHeaders":["Invoice", "Status"],"tableRows":[]}},{"footerHtml":"<h2 style=''margin:0;''>FOOTER.TBD</h2>"}]}, "allOption": [{"sql": "select org_id, asn_id, asn_status, created_timestamp from default_receiving.RCV_ASN where org_id = %(orgName)s and asn_status = ''1000'' and canceled = ''0'' and asn_origin_type_id =''R'' and created_timestamp <= now() - interval %(days)s day "},{"days": "7"}]} | O5: ="update app.warehouselocationdetail set payload = '" & N5 & "' where warehouseid = (select w.warehouseid from app.warehouselocation w where w.warehouseshortname='"&A5&"') and requesttypeid=(select rt.requesttypeid from app.requesttype rt where rt.description='"&B5& "');" -> update app.warehouselocationdetail set payload = '{ "emailContent": {"subject":"created.in.the.python.code","fromEmail":"noreply@rndc-usa.com","toEmail":"use.email.from.result.set.from.mysql","sections":[{"htmlHeader":"<h2 style=''margin:0;''>WILL CALL ALERT</h2>"},{"introHtml":"created.in.the.python.code"},{"tableHtml":{"tableHeaders":["Invoice", "Status"],"tableRows":[]}},{"footerHtml":"<h2 style=''margin:0;''>FOOTER.TBD</h2>"}]}, "allOption": [{"sql": "select org_id, asn_id, asn_status, created_timestamp from default_receiving.RCV_ASN where org_id = %(orgName)s and asn_status = ''1000'' and canceled = ''0'' and asn_origin_type_id =''R'' and created_timestamp <= now() - interval %(days)s day "},{"days": "7"}]}' where warehouseid = (select w.warehouseid from app.warehouselocation w where w.warehouseshortname='ATL') and requesttypeid=(select rt.requesttypeid from app.requesttype rt where rt.description='in-transit-rma-asn-7-days');
A6: AUB | B6: =B5 -> in-transit-rma-asn-7-days | C6: select org_id, asn_id, asn_status, created_timestamp from default_receiving.RCV_ASN where org_id = %(orgName)s and asn_status = ''1000'' and canceled = ''0'' and asn_origin_type_id =''R'' and created_timestamp <= now() - interval %(days)s day | D6: ="[" & IF(C6 = "", "", "{""sql"": """ & C6 & """},") & "{""days"": """ & "7" & """}]" -> [{"sql": "select org_id, asn_id, asn_status, created_timestamp from default_receiving.RCV_ASN where org_id = %(orgName)s and asn_status = ''1000'' and canceled = ''0'' and asn_origin_type_id =''R'' and created_timestamp <= now() - interval %(days)s day "},{"days": "7"}] | E6: created.in.the.python.code | F6: noreply@rndc-usa.com | G6: use.email.from.result.set.from.mysql | I6: <h2 style=''margin:0;''>WILL CALL ALERT</h2> | J6: created.in.the.python.code | K6: ="[""Invoice"", ""Status""]" -> ["Invoice", "Status"] | L6: [] | M6: <h2 style=''margin:0;''>FOOTER.TBD</h2> | N6: ="{ ""emailContent"": {""subject"":""" &E6& """,""fromEmail"":""" & F6 & """,""toEmail"":""" & G6 & """," & (IF(H6 = "", "", """ccEmail"": """ & H6 & """,")) & """sections"":[{""htmlHeader"":""" & I6 & """},{""introHtml"":""" &J6 & """},{""tableHtml"":{""tableHeaders"":" & K6 & ",""tableRows"":" & L6 & "}},{""footerHtml"":""" & M6 & """}]}, ""allOption"": " & D6 & "}" -> { "emailContent": {"subject":"created.in.the.python.code","fromEmail":"noreply@rndc-usa.com","toEmail":"use.email.from.result.set.from.mysql","sections":[{"htmlHeader":"<h2 style=''margin:0;''>WILL CALL ALERT</h2>"},{"introHtml":"created.in.the.python.code"},{"tableHtml":{"tableHeaders":["Invoice", "Status"],"tableRows":[]}},{"footerHtml":"<h2 style=''margin:0;''>FOOTER.TBD</h2>"}]}, "allOption": [{"sql": "select org_id, asn_id, asn_status, created_timestamp from default_receiving.RCV_ASN where org_id = %(orgName)s and asn_status = ''1000'' and canceled = ''0'' and asn_origin_type_id =''R'' and created_timestamp <= now() - interval %(days)s day "},{"days": "7"}]} | O6: ="update app.warehouselocationdetail set payload = '" & N6 & "' where warehouseid = (select w.warehouseid from app.warehouselocation w where w.warehouseshortname='"&A6&"') and requesttypeid=(select rt.requesttypeid from app.requesttype rt where rt.description='"&B6& "');" -> update app.warehouselocationdetail set payload = '{ "emailContent": {"subject":"created.in.the.python.code","fromEmail":"noreply@rndc-usa.com","toEmail":"use.email.from.result.set.from.mysql","sections":[{"htmlHeader":"<h2 style=''margin:0;''>WILL CALL ALERT</h2>"},{"introHtml":"created.in.the.python.code"},{"tableHtml":{"tableHeaders":["Invoice", "Status"],"tableRows":[]}},{"footerHtml":"<h2 style=''margin:0;''>FOOTER.TBD</h2>"}]}, "allOption": [{"sql": "select org_id, asn_id, asn_status, created_timestamp from default_receiving.RCV_ASN where org_id = %(orgName)s and asn_status = ''1000'' and canceled = ''0'' and asn_origin_type_id =''R'' and created_timestamp <= now() - interval %(days)s day "},{"days": "7"}]}' where warehouseid = (select w.warehouseid from app.warehouselocation w where w.warehouseshortname='AUB') and requesttypeid=(select rt.requesttypeid from app.requesttype rt where rt.description='in-transit-rma-asn-7-days');
A7: CCR | B7: =B6 -> in-transit-rma-asn-7-days | C7: select org_id, asn_id, asn_status, created_timestamp from default_receiving.RCV_ASN where org_id = %(orgName)s and asn_status = ''1000'' and canceled = ''0'' and asn_origin_type_id =''R'' and created_timestamp <= now() - interval %(days)s day | D7: ="[" & IF(C7 = "", "", "{""sql"": """ & C7 & """},") & "{""days"": """ & "7" & """}]" -> [{"sql": "select org_id, asn_id, asn_status, created_timestamp from default_receiving.RCV_ASN where org_id = %(orgName)s and asn_status = ''1000'' and canceled = ''0'' and asn_origin_type_id =''R'' and created_timestamp <= now() - interval %(days)s day "},{"days": "7"}] | E7: created.in.the.python.code | F7: noreply@rndc-usa.com | G7: use.email.from.result.set.from.mysql | I7: <h2 style=''margin:0;''>WILL CALL ALERT</h2> | J7: created.in.the.python.code | K7: ="[""Invoice"", ""Status""]" -> ["Invoice", "Status"] | L7: [] | M7: <h2 style=''margin:0;''>FOOTER.TBD</h2> | N7: ="{ ""emailContent"": {""subject"":""" &E7& """,""fromEmail"":""" & F7 & """,""toEmail"":""" & G7 & """," & (IF(H7 = "", "", """ccEmail"": """ & H7 & """,")) & """sections"":[{""htmlHeader"":""" & I7 & """},{""introHtml"":""" &J7 & """},{""tableHtml"":{""tableHeaders"":" & K7 & ",""tableRows"":" & L7 & "}},{""footerHtml"":""" & M7 & """}]}, ""allOption"": " & D7 & "}" -> { "emailContent": {"subject":"created.in.the.python.code","fromEmail":"noreply@rndc-usa.com","toEmail":"use.email.from.result.set.from.mysql","sections":[{"htmlHeader":"<h2 style=''margin:0;''>WILL CALL ALERT</h2>"},{"introHtml":"created.in.the.python.code"},{"tableHtml":{"tableHeaders":["Invoice", "Status"],"tableRows":[]}},{"footerHtml":"<h2 style=''margin:0;''>FOOTER.TBD</h2>"}]}, "allOption": [{"sql": "select org_id, asn_id, asn_status, created_timestamp from default_receiving.RCV_ASN where org_id = %(orgName)s and asn_status = ''1000'' and canceled = ''0'' and asn_origin_type_id =''R'' and created_timestamp <= now() - interval %(days)s day "},{"days": "7"}]} | O7: ="update app.warehouselocationdetail set payload = '" & N7 & "' where warehouseid = (select w.warehouseid from app.warehouselocation w where w.warehouseshortname='"&A7&"') and requesttypeid=(select rt.requesttypeid from app.requesttype rt where rt.description='"&B7& "');" -> update app.warehouselocationdetail set payload = '{ "emailContent": {"subject":"created.in.the.python.code","fromEmail":"noreply@rndc-usa.com","toEmail":"use.email.from.result.set.from.mysql","sections":[{"htmlHeader":"<h2 style=''margin:0;''>WILL CALL ALERT</h2>"},{"introHtml":"created.in.the.python.code"},{"tableHtml":{"tableHeaders":["Invoice", "Status"],"tableRows":[]}},{"footerHtml":"<h2 style=''margin:0;''>FOOTER.TBD</h2>"}]}, "allOption": [{"sql": "select org_id, asn_id, asn_status, created_timestamp from default_receiving.RCV_ASN where org_id = %(orgName)s and asn_status = ''1000'' and canceled = ''0'' and asn_origin_type_id =''R'' and created_timestamp <= now() - interval %(days)s day "},{"days": "7"}]}' where warehouseid = (select w.warehouseid from app.warehouselocation w where w.warehouseshortname='CCR') and requesttypeid=(select rt.requesttypeid from app.requesttype rt where rt.description='in-transit-rma-asn-7-days');
A8: COL | B8: =B7 -> in-transit-rma-asn-7-days | C8: select org_id, asn_id, asn_status, created_timestamp from default_receiving.RCV_ASN where org_id = %(orgName)s and asn_status = ''1000'' and canceled = ''0'' and asn_origin_type_id =''R'' and created_timestamp <= now() - interval %(days)s day | D8: ="[" & IF(C8 = "", "", "{""sql"": """ & C8 & """},") & "{""days"": """ & "7" & """}]" -> [{"sql": "select org_id, asn_id, asn_status, created_timestamp from default_receiving.RCV_ASN where org_id = %(orgName)s and asn_status = ''1000'' and canceled = ''0'' and asn_origin_type_id =''R'' and created_timestamp <= now() - interval %(days)s day "},{"days": "7"}] | E8: created.in.the.python.code | F8: noreply@rndc-usa.com | G8: use.email.from.result.set.from.mysql | I8: <h2 style=''margin:0;''>WILL CALL ALERT</h2> | J8: created.in.the.python.code | K8: ="[""Invoice"", ""Status""]" -> ["Invoice", "Status"] | L8: [] | M8: <h2 style=''margin:0;''>FOOTER.TBD</h2> | N8: ="{ ""emailContent"": {""subject"":""" &E8& """,""fromEmail"":""" & F8 & """,""toEmail"":""" & G8 & """," & (IF(H8 = "", "", """ccEmail"": """ & H8 & """,")) & """sections"":[{""htmlHeader"":""" & I8 & """},{""introHtml"":""" &J8 & """},{""tableHtml"":{""tableHeaders"":" & K8 & ",""tableRows"":" & L8 & "}},{""footerHtml"":""" & M8 & """}]}, ""allOption"": " & D8 & "}" -> { "emailContent": {"subject":"created.in.the.python.code","fromEmail":"noreply@rndc-usa.com","toEmail":"use.email.from.result.set.from.mysql","sections":[{"htmlHeader":"<h2 style=''margin:0;''>WILL CALL ALERT</h2>"},{"introHtml":"created.in.the.python.code"},{"tableHtml":{"tableHeaders":["Invoice", "Status"],"tableRows":[]}},{"footerHtml":"<h2 style=''margin:0;''>FOOTER.TBD</h2>"}]}, "allOption": [{"sql": "select org_id, asn_id, asn_status, created_timestamp from default_receiving.RCV_ASN where org_id = %(orgName)s and asn_status = ''1000'' and canceled = ''0'' and asn_origin_type_id =''R'' and created_timestamp <= now() - interval %(days)s day "},{"days": "7"}]} | O8: ="update app.warehouselocationdetail set payload = '" & N8 & "' where warehouseid = (select w.warehouseid from app.warehouselocation w where w.warehouseshortname='"&A8&"') and requesttypeid=(select rt.requesttypeid from app.requesttype rt where rt.description='"&B8& "');" -> update app.warehouselocationdetail set payload = '{ "emailContent": {"subject":"created.in.the.python.code","fromEmail":"noreply@rndc-usa.com","toEmail":"use.email.from.result.set.from.mysql","sections":[{"htmlHeader":"<h2 style=''margin:0;''>WILL CALL ALERT</h2>"},{"introHtml":"created.in.the.python.code"},{"tableHtml":{"tableHeaders":["Invoice", "Status"],"tableRows":[]}},{"footerHtml":"<h2 style=''margin:0;''>FOOTER.TBD</h2>"}]}, "allOption": [{"sql": "select org_id, asn_id, asn_status, created_timestamp from default_receiving.RCV_ASN where org_id = %(orgName)s and asn_status = ''1000'' and canceled = ''0'' and asn_origin_type_id =''R'' and created_timestamp <= now() - interval %(days)s day "},{"days": "7"}]}' where warehouseid = (select w.warehouseid from app.warehouselocation w where w.warehouseshortname='COL') and requesttypeid=(select rt.requesttypeid from app.requesttype rt where rt.description='in-transit-rma-asn-7-days');
A9: DEN | B9: =B8 -> in-transit-rma-asn-7-days | C9: select org_id, asn_id, asn_status, created_timestamp from default_receiving.RCV_ASN where org_id = %(orgName)s and asn_status = ''1000'' and canceled = ''0'' and asn_origin_type_id =''R'' and created_timestamp <= now() - interval %(days)s day | D9: ="[" & IF(C9 = "", "", "{""sql"": """ & C9 & """},") & "{""days"": """ & "7" & """}]" -> [{"sql": "select org_id, asn_id, asn_status, created_timestamp from default_receiving.RCV_ASN where org_id = %(orgName)s and asn_status = ''1000'' and canceled = ''0'' and asn_origin_type_id =''R'' and created_timestamp <= now() - interval %(days)s day "},{"days": "7"}] | E9: created.in.the.python.code | F9: noreply@rndc-usa.com | G9: use.email.from.result.set.from.mysql | I9: <h2 style=''margin:0;''>WILL CALL ALERT</h2> | J9: created.in.the.python.code | K9: ="[""Invoice"", ""Status""]" -> ["Invoice", "Status"] | L9: [] | M9: <h2 style=''margin:0;''>FOOTER.TBD</h2> | N9: ="{ ""emailContent"": {""subject"":""" &E9& """,""fromEmail"":""" & F9 & """,""toEmail"":""" & G9 & """," & (IF(H9 = "", "", """ccEmail"": """ & H9 & """,")) & """sections"":[{""htmlHeader"":""" & I9 & """},{""introHtml"":""" &J9 & """},{""tableHtml"":{""tableHeaders"":" & K9 & ",""tableRows"":" & L9 & "}},{""footerHtml"":""" & M9 & """}]}, ""allOption"": " & D9 & "}" -> { "emailContent": {"subject":"created.in.the.python.code","fromEmail":"noreply@rndc-usa.com","toEmail":"use.email.from.result.set.from.mysql","sections":[{"htmlHeader":"<h2 style=''margin:0;''>WILL CALL ALERT</h2>"},{"introHtml":"created.in.the.python.code"},{"tableHtml":{"tableHeaders":["Invoice", "Status"],"tableRows":[]}},{"footerHtml":"<h2 style=''margin:0;''>FOOTER.TBD</h2>"}]}, "allOption": [{"sql": "select org_id, asn_id, asn_status, created_timestamp from default_receiving.RCV_ASN where org_id = %(orgName)s and asn_status = ''1000'' and canceled = ''0'' and asn_origin_type_id =''R'' and created_timestamp <= now() - interval %(days)s day "},{"days": "7"}]} | O9: ="update app.warehouselocationdetail set payload = '" & N9 & "' where warehouseid = (select w.warehouseid from app.warehouselocation w where w.warehouseshortname='"&A9&"') and requesttypeid=(select rt.requesttypeid from app.requesttype rt where rt.description='"&B9& "');" -> update app.warehouselocationdetail set payload = '{ "emailContent": {"subject":"created.in.the.python.code","fromEmail":"noreply@rndc-usa.com","toEmail":"use.email.from.result.set.from.mysql","sections":[{"htmlHeader":"<h2 style=''margin:0;''>WILL CALL ALERT</h2>"},{"introHtml":"created.in.the.python.code"},{"tableHtml":{"tableHeaders":["Invoice", "Status"],"tableRows":[]}},{"footerHtml":"<h2 style=''margin:0;''>FOOTER.TBD</h2>"}]}, "allOption": [{"sql": "select org_id, asn_id, asn_status, created_timestamp from default_receiving.RCV_ASN where org_id = %(orgName)s and asn_status = ''1000'' and canceled = ''0'' and asn_origin_type_id =''R'' and created_timestamp <= now() - interval %(days)s day "},{"days": "7"}]}' where warehouseid = (select w.warehouseid from app.warehouselocation w where w.warehouseshortname='DEN') and requesttypeid=(select rt.requesttypeid from app.requesttype rt where rt.description='in-transit-rma-asn-7-days');
A10: DFB | B10: =B9 -> in-transit-rma-asn-7-days | C10: select org_id, asn_id, asn_status, created_timestamp from default_receiving.RCV_ASN where org_id = %(orgName)s and asn_status = ''1000'' and canceled = ''0'' and asn_origin_type_id =''R'' and created_timestamp <= now() - interval %(days)s day | D10: ="[" & IF(C10 = "", "", "{""sql"": """ & C10 & """},") & "{""days"": """ & "7" & """}]" -> [{"sql": "select org_id, asn_id, asn_status, created_timestamp from default_receiving.RCV_ASN where org_id = %(orgName)s and asn_status = ''1000'' and canceled = ''0'' and asn_origin_type_id =''R'' and created_timestamp <= now() - interval %(days)s day "},{"days": "7"}] | E10: created.in.the.python.code | F10: noreply@rndc-usa.com | G10: use.email.from.result.set.from.mysql | I10: <h2 style=''margin:0;''>WILL CALL ALERT</h2> | J10: created.in.the.python.code | K10: ="[""Invoice"", ""Status""]" -> ["Invoice", "Status"] | L10: [] | M10: <h2 style=''margin:0;''>FOOTER.TBD</h2> | N10: ="{ ""emailContent"": {""subject"":""" &E10& """,""fromEmail"":""" & F10 & """,""toEmail"":""" & G10 & """," & (IF(H10 = "", "", """ccEmail"": """ & H10 & """,")) & """sections"":[{""htmlHeader"":""" & I10 & """},{""introHtml"":""" &J10 & """},{""tableHtml"":{""tableHeaders"":" & K10 & ",""tableRows"":" & L10 & "}},{""footerHtml"":""" & M10 & """}]}, ""allOption"": " & D10 & "}" -> { "emailContent": {"subject":"created.in.the.python.code","fromEmail":"noreply@rndc-usa.com","toEmail":"use.email.from.result.set.from.mysql","sections":[{"htmlHeader":"<h2 style=''margin:0;''>WILL CALL ALERT</h2>"},{"introHtml":"created.in.the.python.code"},{"tableHtml":{"tableHeaders":["Invoice", "Status"],"tableRows":[]}},{"footerHtml":"<h2 style=''margin:0;''>FOOTER.TBD</h2>"}]}, "allOption": [{"sql": "select org_id, asn_id, asn_status, created_timestamp from default_receiving.RCV_ASN where org_id = %(orgName)s and asn_status = ''1000'' and canceled = ''0'' and asn_origin_type_id =''R'' and created_timestamp <= now() - interval %(days)s day "},{"days": "7"}]} | O10: ="update app.warehouselocationdetail set payload = '" & N10 & "' where warehouseid = (select w.warehouseid from app.warehouselocation w where w.warehouseshortname='"&A10&"') and requesttypeid=(select rt.requesttypeid from app.requesttype rt where rt.description='"&B10& "');" -> update app.warehouselocationdetail set payload = '{ "emailContent": {"subject":"created.in.the.python.code","fromEmail":"noreply@rndc-usa.com","toEmail":"use.email.from.result.set.from.mysql","sections":[{"htmlHeader":"<h2 style=''margin:0;''>WILL CALL ALERT</h2>"},{"introHtml":"created.in.the.python.code"},{"tableHtml":{"tableHeaders":["Invoice", "Status"],"tableRows":[]}},{"footerHtml":"<h2 style=''margin:0;''>FOOTER.TBD</h2>"}]}, "allOption": [{"sql": "select org_id, asn_id, asn_status, created_timestamp from default_receiving.RCV_ASN where org_id = %(orgName)s and asn_status = ''1000'' and canceled = ''0'' and asn_origin_type_id =''R'' and created_timestamp <= now() - interval %(days)s day "},{"days": "7"}]}' where warehouseid = (select w.warehouseid from app.warehouselocation w where w.warehouseshortname='DFB') and requesttypeid=(select rt.requesttypeid from app.requesttype rt where rt.description='in-transit-rma-asn-7-days');
A11: ELP | B11: =B10 -> in-transit-rma-asn-7-days | C11: select org_id, asn_id, asn_status, created_timestamp from default_receiving.RCV_ASN where org_id = %(orgName)s and asn_status = ''1000'' and canceled = ''0'' and asn_origin_type_id =''R'' and created_timestamp <= now() - interval %(days)s day | D11: ="[" & IF(C11 = "", "", "{""sql"": """ & C11 & """},") & "{""days"": """ & "7" & """}]" -> [{"sql": "select org_id, asn_id, asn_status, created_timestamp from default_receiving.RCV_ASN where org_id = %(orgName)s and asn_status = ''1000'' and canceled = ''0'' and asn_origin_type_id =''R'' and created_timestamp <= now() - interval %(days)s day "},{"days": "7"}] | E11: created.in.the.python.code | F11: noreply@rndc-usa.com | G11: use.email.from.result.set.from.mysql | I11: <h2 style=''margin:0;''>WILL CALL ALERT</h2> | J11: created.in.the.python.code | K11: ="[""Invoice"", ""Status""]" -> ["Invoice", "Status"] | L11: [] | M11: <h2 style=''margin:0;''>FOOTER.TBD</h2> | N11: ="{ ""emailContent"": {""subject"":""" &E11& """,""fromEmail"":""" & F11 & """,""toEmail"":""" & G11 & """," & (IF(H11 = "", "", """ccEmail"": """ & H11 & """,")) & """sections"":[{""htmlHeader"":""" & I11 & """},{""introHtml"":""" &J11 & """},{""tableHtml"":{""tableHeaders"":" & K11 & ",""tableRows"":" & L11 & "}},{""footerHtml"":""" & M11 & """}]}, ""allOption"": " & D11 & "}" -> { "emailContent": {"subject":"created.in.the.python.code","fromEmail":"noreply@rndc-usa.com","toEmail":"use.email.from.result.set.from.mysql","sections":[{"htmlHeader":"<h2 style=''margin:0;''>WILL CALL ALERT</h2>"},{"introHtml":"created.in.the.python.code"},{"tableHtml":{"tableHeaders":["Invoice", "Status"],"tableRows":[]}},{"footerHtml":"<h2 style=''margin:0;''>FOOTER.TBD</h2>"}]}, "allOption": [{"sql": "select org_id, asn_id, asn_status, created_timestamp from default_receiving.RCV_ASN where org_id = %(orgName)s and asn_status = ''1000'' and canceled = ''0'' and asn_origin_type_id =''R'' and created_timestamp <= now() - interval %(days)s day "},{"days": "7"}]} | O11: ="update app.warehouselocationdetail set payload = '" & N11 & "' where warehouseid = (select w.warehouseid from app.warehouselocation w where w.warehouseshortname='"&A11&"') and requesttypeid=(select rt.requesttypeid from app.requesttype rt where rt.description='"&B11& "');" -> update app.warehouselocationdetail set payload = '{ "emailContent": {"subject":"created.in.the.python.code","fromEmail":"noreply@rndc-usa.com","toEmail":"use.email.from.result.set.from.mysql","sections":[{"htmlHeader":"<h2 style=''margin:0;''>WILL CALL ALERT</h2>"},{"introHtml":"created.in.the.python.code"},{"tableHtml":{"tableHeaders":["Invoice", "Status"],"tableRows":[]}},{"footerHtml":"<h2 style=''margin:0;''>FOOTER.TBD</h2>"}]}, "allOption": [{"sql": "select org_id, asn_id, asn_status, created_timestamp from default_receiving.RCV_ASN where org_id = %(orgName)s and asn_status = ''1000'' and canceled = ''0'' and asn_origin_type_id =''R'' and created_timestamp <= now() - interval %(days)s day "},{"days": "7"}]}' where warehouseid = (select w.warehouseid from app.warehouselocation w where w.warehouseshortname='ELP') and requesttypeid=(select rt.requesttypeid from app.requesttype rt where rt.description='in-transit-rma-asn-7-days');
A12: FAR | B12: =B11 -> in-transit-rma-asn-7-days | C12: select org_id, asn_id, asn_status, created_timestamp from default_receiving.RCV_ASN where org_id = %(orgName)s and asn_status = ''1000'' and canceled = ''0'' and asn_origin_type_id =''R'' and created_timestamp <= now() - interval %(days)s day | D12: ="[" & IF(C12 = "", "", "{""sql"": """ & C12 & """},") & "{""days"": """ & "7" & """}]" -> [{"sql": "select org_id, asn_id, asn_status, created_timestamp from default_receiving.RCV_ASN where org_id = %(orgName)s and asn_status = ''1000'' and canceled = ''0'' and asn_origin_type_id =''R'' and created_timestamp <= now() - interval %(days)s day "},{"days": "7"}] | E12: created.in.the.python.code | F12: noreply@rndc-usa.com | G12: use.email.from.result.set.from.mysql | I12: <h2 style=''margin:0;''>WILL CALL ALERT</h2> | J12: created.in.the.python.code | K12: ="[""Invoice"", ""Status""]" -> ["Invoice", "Status"] | L12: [] | M12: <h2 style=''margin:0;''>FOOTER.TBD</h2> | N12: ="{ ""emailContent"": {""subject"":""" &E12& """,""fromEmail"":""" & F12 & """,""toEmail"":""" & G12 & """," & (IF(H12 = "", "", """ccEmail"": """ & H12 & """,")) & """sections"":[{""htmlHeader"":""" & I12 & """},{""introHtml"":""" &J12 & """},{""tableHtml"":{""tableHeaders"":" & K12 & ",""tableRows"":" & L12 & "}},{""footerHtml"":""" & M12 & """}]}, ""allOption"": " & D12 & "}" -> { "emailContent": {"subject":"created.in.the.python.code","fromEmail":"noreply@rndc-usa.com","toEmail":"use.email.from.result.set.from.mysql","sections":[{"htmlHeader":"<h2 style=''margin:0;''>WILL CALL ALERT</h2>"},{"introHtml":"created.in.the.python.code"},{"tableHtml":{"tableHeaders":["Invoice", "Status"],"tableRows":[]}},{"footerHtml":"<h2 style=''margin:0;''>FOOTER.TBD</h2>"}]}, "allOption": [{"sql": "select org_id, asn_id, asn_status, created_timestamp from default_receiving.RCV_ASN where org_id = %(orgName)s and asn_status = ''1000'' and canceled = ''0'' and asn_origin_type_id =''R'' and created_timestamp <= now() - interval %(days)s day "},{"days": "7"}]} | O12: ="update app.warehouselocationdetail set payload = '" & N12 & "' where warehouseid = (select w.warehouseid from app.warehouselocation w where w.warehouseshortname='"&A12&"') and requesttypeid=(select rt.requesttypeid from app.requesttype rt where rt.description='"&B12& "');" -> update app.warehouselocationdetail set payload = '{ "emailContent": {"subject":"created.in.the.python.code","fromEmail":"noreply@rndc-usa.com","toEmail":"use.email.from.result.set.from.mysql","sections":[{"htmlHeader":"<h2 style=''margin:0;''>WILL CALL ALERT</h2>"},{"introHtml":"created.in.the.python.code"},{"tableHtml":{"tableHeaders":["Invoice", "Status"],"tableRows":[]}},{"footerHtml":"<h2 style=''margin:0;''>FOOTER.TBD</h2>"}]}, "allOption": [{"sql": "select org_id, asn_id, asn_status, created_timestamp from default_receiving.RCV_ASN where org_id = %(orgName)s and asn_status = ''1000'' and canceled = ''0'' and asn_origin_type_id =''R'' and created_timestamp <= now() - interval %(days)s day "},{"days": "7"}]}' where warehouseid = (select w.warehouseid from app.warehouselocation w where w.warehouseshortname='FAR') and requesttypeid=(select rt.requesttypeid from app.requesttype rt where rt.description='in-transit-rma-asn-7-days');
A13: GRP | B13: =B12 -> in-transit-rma-asn-7-days | C13: select org_id, asn_id, asn_status, created_timestamp from default_receiving.RCV_ASN where org_id = %(orgName)s and asn_status = ''1000'' and canceled = ''0'' and asn_origin_type_id =''R'' and created_timestamp <= now() - interval %(days)s day | D13: ="[" & IF(C13 = "", "", "{""sql"": """ & C13 & """},") & "{""days"": """ & "7" & """}]" -> [{"sql": "select org_id, asn_id, asn_status, created_timestamp from default_receiving.RCV_ASN where org_id = %(orgName)s and asn_status = ''1000'' and canceled = ''0'' and asn_origin_type_id =''R'' and created_timestamp <= now() - interval %(days)s day "},{"days": "7"}] | E13: created.in.the.python.code | F13: noreply@rndc-usa.com | G13: use.email.from.result.set.from.mysql | I13: <h2 style=''margin:0;''>WILL CALL ALERT</h2> | J13: created.in.the.python.code | K13: ="[""Invoice"", ""Status""]" -> ["Invoice", "Status"] | L13: [] | M13: <h2 style=''margin:0;''>FOOTER.TBD</h2> | N13: ="{ ""emailContent"": {""subject"":""" &E13& """,""fromEmail"":""" & F13 & """,""toEmail"":""" & G13 & """," & (IF(H13 = "", "", """ccEmail"": """ & H13 & """,")) & """sections"":[{""htmlHeader"":""" & I13 & """},{""introHtml"":""" &J13 & """},{""tableHtml"":{""tableHeaders"":" & K13 & ",""tableRows"":" & L13 & "}},{""footerHtml"":""" & M13 & """}]}, ""allOption"": " & D13 & "}" -> { "emailContent": {"subject":"created.in.the.python.code","fromEmail":"noreply@rndc-usa.com","toEmail":"use.email.from.result.set.from.mysql","sections":[{"htmlHeader":"<h2 style=''margin:0;''>WILL CALL ALERT</h2>"},{"introHtml":"created.in.the.python.code"},{"tableHtml":{"tableHeaders":["Invoice", "Status"],"tableRows":[]}},{"footerHtml":"<h2 style=''margin:0;''>FOOTER.TBD</h2>"}]}, "allOption": [{"sql": "select org_id, asn_id, asn_status, created_timestamp from default_receiving.RCV_ASN where org_id = %(orgName)s and asn_status = ''1000'' and canceled = ''0'' and asn_origin_type_id =''R'' and created_timestamp <= now() - interval %(days)s day "},{"days": "7"}]} | O13: ="update app.warehouselocationdetail set payload = '" & N13 & "' where warehouseid = (select w.warehouseid from app.warehouselocation w where w.warehouseshortname='"&A13&"') and requesttypeid=(select rt.requesttypeid from app.requesttype rt where rt.description='"&B13& "');" -> update app.warehouselocationdetail set payload = '{ "emailContent": {"subject":"created.in.the.python.code","fromEmail":"noreply@rndc-usa.com","toEmail":"use.email.from.result.set.from.mysql","sections":[{"htmlHeader":"<h2 style=''margin:0;''>WILL CALL ALERT</h2>"},{"introHtml":"created.in.the.python.code"},{"tableHtml":{"tableHeaders":["Invoice", "Status"],"tableRows":[]}},{"footerHtml":"<h2 style=''margin:0;''>FOOTER.TBD</h2>"}]}, "allOption": [{"sql": "select org_id, asn_id, asn_status, created_timestamp from default_receiving.RCV_ASN where org_id = %(orgName)s and asn_status = ''1000'' and canceled = ''0'' and asn_origin_type_id =''R'' and created_timestamp <= now() - interval %(days)s day "},{"days": "7"}]}' where warehouseid = (select w.warehouseid from app.warehouselocation w where w.warehouseshortname='GRP') and requesttypeid=(select rt.requesttypeid from app.requesttype rt where rt.description='in-transit-rma-asn-7-days');
A14: HAW | B14: =B13 -> in-transit-rma-asn-7-days | C14: select org_id, asn_id, asn_status, created_timestamp from default_receiving.RCV_ASN where org_id = %(orgName)s and asn_status = ''1000'' and canceled = ''0'' and asn_origin_type_id =''R'' and created_timestamp <= now() - interval %(days)s day | D14: ="[" & IF(C14 = "", "", "{""sql"": """ & C14 & """},") & "{""days"": """ & "7" & """}]" -> [{"sql": "select org_id, asn_id, asn_status, created_timestamp from default_receiving.RCV_ASN where org_id = %(orgName)s and asn_status = ''1000'' and canceled = ''0'' and asn_origin_type_id =''R'' and created_timestamp <= now() - interval %(days)s day "},{"days": "7"}] | E14: created.in.the.python.code | F14: noreply@rndc-usa.com | G14: use.email.from.result.set.from.mysql | I14: <h2 style=''margin:0;''>WILL CALL ALERT</h2> | J14: created.in.the.python.code | K14: ="[""Invoice"", ""Status""]" -> ["Invoice", "Status"] | L14: [] | M14: <h2 style=''margin:0;''>FOOTER.TBD</h2> | N14: ="{ ""emailContent"": {""subject"":""" &E14& """,""fromEmail"":""" & F14 & """,""toEmail"":""" & G14 & """," & (IF(H14 = "", "", """ccEmail"": """ & H14 & """,")) & """sections"":[{""htmlHeader"":""" & I14 & """},{""introHtml"":""" &J14 & """},{""tableHtml"":{""tableHeaders"":" & K14 & ",""tableRows"":" & L14 & "}},{""footerHtml"":""" & M14 & """}]}, ""allOption"": " & D14 & "}" -> { "emailContent": {"subject":"created.in.the.python.code","fromEmail":"noreply@rndc-usa.com","toEmail":"use.email.from.result.set.from.mysql","sections":[{"htmlHeader":"<h2 style=''margin:0;''>WILL CALL ALERT</h2>"},{"introHtml":"created.in.the.python.code"},{"tableHtml":{"tableHeaders":["Invoice", "Status"],"tableRows":[]}},{"footerHtml":"<h2 style=''margin:0;''>FOOTER.TBD</h2>"}]}, "allOption": [{"sql": "select org_id, asn_id, asn_status, created_timestamp from default_receiving.RCV_ASN where org_id = %(orgName)s and asn_status = ''1000'' and canceled = ''0'' and asn_origin_type_id =''R'' and created_timestamp <= now() - interval %(days)s day "},{"days": "7"}]} | O14: ="update app.warehouselocationdetail set payload = '" & N14 & "' where warehouseid = (select w.warehouseid from app.warehouselocation w where w.warehouseshortname='"&A14&"') and requesttypeid=(select rt.requesttypeid from app.requesttype rt where rt.description='"&B14& "');" -> update app.warehouselocationdetail set payload = '{ "emailContent": {"subject":"created.in.the.python.code","fromEmail":"noreply@rndc-usa.com","toEmail":"use.email.from.result.set.from.mysql","sections":[{"htmlHeader":"<h2 style=''margin:0;''>WILL CALL ALERT</h2>"},{"introHtml":"created.in.the.python.code"},{"tableHtml":{"tableHeaders":["Invoice", "Status"],"tableRows":[]}},{"footerHtml":"<h2 style=''margin:0;''>FOOTER.TBD</h2>"}]}, "allOption": [{"sql": "select org_id, asn_id, asn_status, created_timestamp from default_receiving.RCV_ASN where org_id = %(orgName)s and asn_status = ''1000'' and canceled = ''0'' and asn_origin_type_id =''R'' and created_timestamp <= now() - interval %(days)s day "},{"days": "7"}]}' where warehouseid = (select w.warehouseid from app.warehouselocation w where w.warehouseshortname='HAW') and requesttypeid=(select rt.requesttypeid from app.requesttype rt where rt.description='in-transit-rma-asn-7-days');
... A39: WSD | B39: =B38 -> in-transit-rma-asn-7-days | C39: select org_id, asn_id, asn_status, created_timestamp from default_receiving.RCV_ASN where org_id = %(orgName)s and asn_status = ''1000'' and canceled = ''0'' and asn_origin_type_id =''R'' and created_timestamp <= now() - interval %(days)s day | D39: ="[" & IF(C39 = "", "", "{""sql"": """ & C39 & """},") & "{""days"": """ & "7" & """}]" -> [{"sql": "select org_id, asn_id, asn_status, created_timestamp from default_receiving.RCV_ASN where org_id = %(orgName)s and asn_status = ''1000'' and canceled = ''0'' and asn_origin_type_id =''R'' and created_timestamp <= now() - interval %(days)s day "},{"days": "7"}] | E39: created.in.the.python.code | F39: noreply@rndc-usa.com | G39: use.email.from.result.set.from.mysql | I39: <h2 style=''margin:0;''>WILL CALL ALERT</h2> | J39: created.in.the.python.code | K39: ="[""Invoice"", ""Status""]" -> ["Invoice", "Status"] | L39: [] | M39: <h2 style=''margin:0;''>FOOTER.TBD</h2> | N39: ="{ ""emailContent"": {""subject"":""" &E39& """,""fromEmail"":""" & F39 & """,""toEmail"":""" & G39 & """," & (IF(H39 = "", "", """ccEmail"": """ & H39 & """,")) & """sections"":[{""htmlHeader"":""" & I39 & """},{""introHtml"":""" &J39 & """},{""tableHtml"":{""tableHeaders"":" & K39 & ",""tableRows"":" & L39 & "}},{""footerHtml"":""" & M39 & """}]}, ""allOption"": " & D39 & "}" -> { "emailContent": {"subject":"created.in.the.python.code","fromEmail":"noreply@rndc-usa.com","toEmail":"use.email.from.result.set.from.mysql","sections":[{"htmlHeader":"<h2 style=''margin:0;''>WILL CALL ALERT</h2>"},{"introHtml":"created.in.the.python.code"},{"tableHtml":{"tableHeaders":["Invoice", "Status"],"tableRows":[]}},{"footerHtml":"<h2 style=''margin:0;''>FOOTER.TBD</h2>"}]}, "allOption": [{"sql": "select org_id, asn_id, asn_status, created_timestamp from default_receiving.RCV_ASN where org_id = %(orgName)s and asn_status = ''1000'' and canceled = ''0'' and asn_origin_type_id =''R'' and created_timestamp <= now() - interval %(days)s day "},{"days": "7"}]} | O39: ="update app.warehouselocationdetail set payload = '" & N39 & "' where warehouseid = (select w.warehouseid from app.warehouselocation w where w.warehouseshortname='"&A39&"') and requesttypeid=(select rt.requesttypeid from app.requesttype rt where rt.description='"&B39& "');" -> update app.warehouselocationdetail set payload = '{ "emailContent": {"subject":"created.in.the.python.code","fromEmail":"noreply@rndc-usa.com","toEmail":"use.email.from.result.set.from.mysql","sections":[{"htmlHeader":"<h2 style=''margin:0;''>WILL CALL ALERT</h2>"},{"introHtml":"created.in.the.python.code"},{"tableHtml":{"tableHeaders":["Invoice", "Status"],"tableRows":[]}},{"footerHtml":"<h2 style=''margin:0;''>FOOTER.TBD</h2>"}]}, "allOption": [{"sql": "select org_id, asn_id, asn_status, created_timestamp from default_receiving.RCV_ASN where org_id = %(orgName)s and asn_status = ''1000'' and canceled = ''0'' and asn_origin_type_id =''R'' and created_timestamp <= now() - interval %(days)s day "},{"days": "7"}]}' where warehouseid = (select w.warehouseid from app.warehouselocation w where w.warehouseshortname='WSD') and requesttypeid=(select rt.requesttypeid from app.requesttype rt where rt.description='in-transit-rma-asn-7-days');

Sheet createdetaildbalert
B1: TBD, refer to createdetail sheet for example

Sheet updatedetaildbalert
A1: orgid | B1: alertname (get from Final_List-Alerts in separate excel and refer to newreqtype shee) | C1: datasource | D1: databaseconnection | E1: databasetype | F1: databaseuri | G1: emailsubject | H1: emailbody | I1: emailfromemail | J1: emailtoemail | K1: emailccemail | L1: emailfooter | M1: emailattachment | N1: sql | O1: payload | P1: requesttype | Q1: update sql | R1: named | S1: enabled
A2: ABQ | B2: STATIC ROUTE MISSING THRESHOLD VALUE | C2: MAWM | D2: MAPRD_NEW | E2: MySQL | F2: jdbc:{host}:{port}/information_schema | G2: Splunk Alert: $alertName$ | H2: <pre>The alert condition for ''$name$'' was triggered.</pre> | I2: wms-tools-noreply@rndc-usa.com | J2: wmsinternal@RNDC-USA.COM, WMSMSPSupport@RNDC-USA.COM | N2: SELECT Substr(profile_id, 1, 3) ''WHSE'', static_route_id, ext_threshold ''THRESHOLD_VALUE'' FROM default_routing.RTG_STATIC_ROUTE WHERE ext_threshold IS NULL AND profile_id = ''$orgId_Org_Profile'' | O2: ="{ ""alertName"":""" &B2& """, ""dataSource"":""" &C2&""", ""database"":{ ""connection"":""" &D2& """, ""type"":""" &E2& """, ""uri"":""" &F2& """ }, ""email"":{ ""subject"":""" &G2& """, ""body"":""" &H2& """, ""fromEmail"":""" &I2& """, ""toEmail"":""" &J2& """, ""ccEmail"":""" &K2& """, ""footer"":""" &L2& """, ""attachment"":" &M2& " }, ""sql"":""" &N2& """ }" -> { "alertName":"STATIC ROUTE MISSING THRESHOLD VALUE", "dataSource":"MAWM", "database":{ "connection":"MAPRD_NEW", "type":"MySQL", "uri":"jdbc:{host}:{port}/information_schema" }, "email":{ "subject":"Splunk Alert: $alertName$", "body":"<pre>The alert condition for ''$name$'' was triggered.</pre>", "fromEmail":"wms-tools-noreply@rndc-usa.com", "toEmail":"wmsinternal@RNDC-USA.COM, WMSMSPSupport@RNDC-USA.COM", "ccEmail":"", "footer":"", "attachment": }, "sql":"SELECT Substr(profile_id, 1, 3) ''WHSE'', static_route_id, ext_threshold ''THRESHOLD_VALUE'' FROM default_routing.RTG_STATIC_ROUTE WHERE ext_threshold IS NULL AND profile_id = ''$orgId_Org_Profile'' " } | P2: =newreqtype!D6 -> db-alert-static-route-missing-threshold | Q2: ="update app.warehouselocationdetail set payload = '" & O2 & "' where warehouseid = (select w.warehouseid from app.warehouselocation w where w.warehouseshortname='"&A2&"') and requesttypeid=(select rt.requesttypeid from app.requesttype rt where rt.description='"&P2& "');" -> update app.warehouselocationdetail set payload = '{ "alertName":"STATIC ROUTE MISSING THRESHOLD VALUE", "dataSource":"MAWM", "database":{ "connection":"MAPRD_NEW", "type":"MySQL", "uri":"jdbc:{host}:{port}/information_schema" }, "email":{ "subject":"Splunk Alert: $alertName$", "body":"<pre>The alert condition for ''$name$'' was triggered.</pre>", "fromEmail":"wms-tools-noreply@rndc-usa.com", "toEmail":"wmsinternal@RNDC-USA.COM, WMSMSPSupport@RNDC-USA.COM", "ccEmail":"", "footer":"", "attachment": }, "sql":"SELECT Substr(profile_id, 1, 3) ''WHSE'', static_route_id, ext_threshold ''THRESHOLD_VALUE'' FROM default_routing.RTG_STATIC_ROUTE WHERE ext_threshold IS NULL AND profile_id = ''$orgId_Org_Profile'' " }' where warehouseid = (select w.warehouseid from app.warehouselocation w where w.warehouseshortname='ABQ') and requesttypeid=(select rt.requesttypeid from app.requesttype rt where rt.description='db-alert-static-route-missing-threshold'); | R2: FALSE | S2: FALSE
A3: ARK | B3: =B2 -> STATIC ROUTE MISSING THRESHOLD VALUE | C3: MAWM | D3: MAPRD_NEW | E3: MySQL | F3: jdbc:{host}:{port}/information_schema | G3: Splunk Alert: $alertName$ | H3: <pre>The alert condition for ''$name$'' was triggered.</pre> | I3: wms-tools-noreply@rndc-usa.com | J3: wmsinternal@RNDC-USA.COM, WMSMSPSupport@RNDC-USA.COM | M3: ["link-to-alert","link-to-results", "inline-table"] | N3: SELECT Substr(profile_id, 1, 3) ''WHSE'', static_route_id, ext_threshold ''THRESHOLD_VALUE'' FROM default_routing.RTG_STATIC_ROUTE WHERE ext_threshold IS NULL AND profile_id = ''$orgId_Org_Profile'' | O3: ="{ ""alertName"":""" &B3& """, ""dataSource"":""" &C3&""", ""database"":{ ""connection"":""" &D3& """, ""type"":""" &E3& """, ""uri"":""" &F3& """ }, ""email"":{ ""subject"":""" &G3& """, ""body"":""" &H3& """, ""fromEmail"":""" &I3& """, ""toEmail"":""" &J3& """, ""ccEmail"":""" &K3& """, ""footer"":""" &L3& """, ""attachment"":" &M3& " }, ""sql"":""" &N3& """ }" -> { "alertName":"STATIC ROUTE MISSING THRESHOLD VALUE", "dataSource":"MAWM", "database":{ "connection":"MAPRD_NEW", "type":"MySQL", "uri":"jdbc:{host}:{port}/information_schema" }, "email":{ "subject":"Splunk Alert: $alertName$", "body":"<pre>The alert condition for ''$name$'' was triggered.</pre>", "fromEmail":"wms-tools-noreply@rndc-usa.com", "toEmail":"wmsinternal@RNDC-USA.COM, WMSMSPSupport@RNDC-USA.COM", "ccEmail":"", "footer":"", "attachment":["link-to-alert","link-to-results", "inline-table"] }, "sql":"SELECT Substr(profile_id, 1, 3) ''WHSE'', static_route_id, ext_threshold ''THRESHOLD_VALUE'' FROM default_routing.RTG_STATIC_ROUTE WHERE ext_threshold IS NULL AND profile_id = ''$orgId_Org_Profile'' " } | P3: =newreqtype!D6 -> db-alert-static-route-missing-threshold | Q3: ="update app.warehouselocationdetail set payload = '" & O3 & "' where warehouseid = (select w.warehouseid from app.warehouselocation w where w.warehouseshortname='"&A3&"') and requesttypeid=(select rt.requesttypeid from app.requesttype rt where rt.description='"&P3& "');" -> update app.warehouselocationdetail set payload = '{ "alertName":"STATIC ROUTE MISSING THRESHOLD VALUE", "dataSource":"MAWM", "database":{ "connection":"MAPRD_NEW", "type":"MySQL", "uri":"jdbc:{host}:{port}/information_schema" }, "email":{ "subject":"Splunk Alert: $alertName$", "body":"<pre>The alert condition for ''$name$'' was triggered.</pre>", "fromEmail":"wms-tools-noreply@rndc-usa.com", "toEmail":"wmsinternal@RNDC-USA.COM, WMSMSPSupport@RNDC-USA.COM", "ccEmail":"", "footer":"", "attachment":["link-to-alert","link-to-results", "inline-table"] }, "sql":"SELECT Substr(profile_id, 1, 3) ''WHSE'', static_route_id, ext_threshold ''THRESHOLD_VALUE'' FROM default_routing.RTG_STATIC_ROUTE WHERE ext_threshold IS NULL AND profile_id = ''$orgId_Org_Profile'' " }' where warehouseid = (select w.warehouseid from app.warehouselocation w where w.warehouseshortname='ARK') and requesttypeid=(select rt.requesttypeid from app.requesttype rt where rt.description='db-alert-static-route-missing-threshold'); | R3: FALSE | S3: FALSE
A4: ASH | B4: =B3 -> STATIC ROUTE MISSING THRESHOLD VALUE | C4: MAWM | D4: MAPRD_NEW | E4: MySQL | F4: jdbc:{host}:{port}/information_schema | G4: Splunk Alert: $alertName$ | H4: <pre>The alert condition for ''$name$'' was triggered.<br /><br />***MSP TO CLEAN UP***<br />Configure the necessary values in the Static Route UI</pre> | I4: wms-tools-noreply@rndc-usa.com | J4: Jonathan.Snell@RNDC-USA.COM, Preston.Mccauley@RNDC-USA.COM, Rob.Garcia@RNDC-USA.COM, Jordan.Stoll@rndc-usa.com, Richard.Gay@RNDC-USA.COM, Billy.Calloway@RNDC-USA.COM, Ryan.Black@rndc-usa.com | K4: wmsinternal@rndc-usa.com, wmsconsultant@rndc-usa.com, WMSMSPSupport@RNDC-USA.COM | M4: ["link-to-alert","link-to-results", "inline-table"] | N4: SELECT Substr(profile_id, 1, 3) ''WHSE'', static_route_id, ext_threshold ''THRESHOLD_VALUE'' FROM default_routing.RTG_STATIC_ROUTE WHERE ext_threshold IS NULL AND profile_id = ''$orgId_Org_Profile'' | O4: ="{ ""alertName"":""" &B4& """, ""dataSource"":""" &C4&""", ""database"":{ ""connection"":""" &D4& """, ""type"":""" &E4& """, ""uri"":""" &F4& """ }, ""email"":{ ""subject"":""" &G4& """, ""body"":""" &H4& """, ""fromEmail"":""" &I4& """, ""toEmail"":""" &J4& """, ""ccEmail"":""" &K4& """, ""footer"":""" &L4& """, ""attachment"":" &M4& " }, ""sql"":""" &N4& """ }" -> { "alertName":"STATIC ROUTE MISSING THRESHOLD VALUE", "dataSource":"MAWM", "database":{ "connection":"MAPRD_NEW", "type":"MySQL", "uri":"jdbc:{host}:{port}/information_schema" }, "email":{ "subject":"Splunk Alert: $alertName$", "body":"<pre>The alert condition for ''$name$'' was triggered.<br /><br />***MSP TO CLEAN UP***<br />Configure the necessary values in the Static Route UI</pre>", "fromEmail":"wms-tools-noreply@rndc-usa.com", "toEmail":"Jonathan.Snell@RNDC-USA.COM, Preston.Mccauley@RNDC-USA.COM, Rob.Garcia@RNDC-USA.COM, Jordan.Stoll@rndc-usa.com, Richard.Gay@RNDC-USA.COM, Billy.Calloway@RNDC-USA.COM, Ryan.Black@rndc-usa.com", "ccEmail":"wmsinternal@rndc-usa.com, wmsconsultant@rndc-usa.com, WMSMSPSupport@RNDC-USA.COM", "footer":"", "attachment":["link-to-alert","link-to-results", "inline-table"] }, "sql":"SELECT Substr(profile_id, 1, 3) ''WHSE'', static_route_id, ext_threshold ''THRESHOLD_VALUE'' FROM default_routing.RTG_STATIC_ROUTE WHERE ext_threshold IS NULL AND profile_id = ''$orgId_Org_Profile'' " } | P4: =newreqtype!D6 -> db-alert-static-route-missing-threshold | Q4: ="update app.warehouselocationdetail set payload = '" & O4 & "' where warehouseid = (select w.warehouseid from app.warehouselocation w where w.warehouseshortname='"&A4&"') and requesttypeid=(select rt.requesttypeid from app.requesttype rt where rt.description='"&P4& "');" -> update app.warehouselocationdetail set payload = '{ "alertName":"STATIC ROUTE MISSING THRESHOLD VALUE", "dataSource":"MAWM", "database":{ "connection":"MAPRD_NEW", "type":"MySQL", "uri":"jdbc:{host}:{port}/information_schema" }, "email":{ "subject":"Splunk Alert: $alertName$", "body":"<pre>The alert condition for ''$name$'' was triggered.<br /><br />***MSP TO CLEAN UP***<br />Configure the necessary values in the Static Route UI</pre>", "fromEmail":"wms-tools-noreply@rndc-usa.com", "toEmail":"Jonathan.Snell@RNDC-USA.COM, Preston.Mccauley@RNDC-USA.COM, Rob.Garcia@RNDC-USA.COM, Jordan.Stoll@rndc-usa.com, Richard.Gay@RNDC-USA.COM, Billy.Calloway@RNDC-USA.COM, Ryan.Black@rndc-usa.com", "ccEmail":"wmsinternal@rndc-usa.com, wmsconsultant@rndc-usa.com, WMSMSPSupport@RNDC-USA.COM", "footer":"", "attachment":["link-to-alert","link-to-results", "inline-table"] }, "sql":"SELECT Substr(profile_id, 1, 3) ''WHSE'', static_route_id, ext_threshold ''THRESHOLD_VALUE'' FROM default_routing.RTG_STATIC_ROUTE WHERE ext_threshold IS NULL AND profile_id = ''$orgId_Org_Profile'' " }' where warehouseid = (select w.warehouseid from app.warehouselocation w where w.warehouseshortname='ASH') and requesttypeid=(select rt.requesttypeid from app.requesttype rt where rt.description='db-alert-static-route-missing-threshold'); | R4: TRUE | S4: FALSE
A5: ATL | B5: =B4 -> STATIC ROUTE MISSING THRESHOLD VALUE | C5: MAWM | D5: MAPRD_NEW | E5: MySQL | F5: jdbc:{host}:{port}/information_schema | G5: Splunk Alert: $alertName$ | H5: <pre>The alert condition for ''$name$'' was triggered.</pre> | I5: wms-tools-noreply@rndc-usa.com | J5: wmsinternal@RNDC-USA.COM, WMSMSPSupport@RNDC-USA.COM | M5: ["link-to-alert","link-to-results", "inline-table"] | N5: SELECT Substr(profile_id, 1, 3) ''WHSE'', static_route_id, ext_threshold ''THRESHOLD_VALUE'' FROM default_routing.RTG_STATIC_ROUTE WHERE ext_threshold IS NULL AND profile_id = ''$orgId_Org_Profile'' | O5: ="{ ""alertName"":""" &B5& """, ""dataSource"":""" &C5&""", ""database"":{ ""connection"":""" &D5& """, ""type"":""" &E5& """, ""uri"":""" &F5& """ }, ""email"":{ ""subject"":""" &G5& """, ""body"":""" &H5& """, ""fromEmail"":""" &I5& """, ""toEmail"":""" &J5& """, ""ccEmail"":""" &K5& """, ""footer"":""" &L5& """, ""attachment"":" &M5& " }, ""sql"":""" &N5& """ }" -> { "alertName":"STATIC ROUTE MISSING THRESHOLD VALUE", "dataSource":"MAWM", "database":{ "connection":"MAPRD_NEW", "type":"MySQL", "uri":"jdbc:{host}:{port}/information_schema" }, "email":{ "subject":"Splunk Alert: $alertName$", "body":"<pre>The alert condition for ''$name$'' was triggered.</pre>", "fromEmail":"wms-tools-noreply@rndc-usa.com", "toEmail":"wmsinternal@RNDC-USA.COM, WMSMSPSupport@RNDC-USA.COM", "ccEmail":"", "footer":"", "attachment":["link-to-alert","link-to-results", "inline-table"] }, "sql":"SELECT Substr(profile_id, 1, 3) ''WHSE'', static_route_id, ext_threshold ''THRESHOLD_VALUE'' FROM default_routing.RTG_STATIC_ROUTE WHERE ext_threshold IS NULL AND profile_id = ''$orgId_Org_Profile'' " } | P5: =newreqtype!D6 -> db-alert-static-route-missing-threshold | Q5: ="update app.warehouselocationdetail set payload = '" & O5 & "' where warehouseid = (select w.warehouseid from app.warehouselocation w where w.warehouseshortname='"&A5&"') and requesttypeid=(select rt.requesttypeid from app.requesttype rt where rt.description='"&P5& "');" -> update app.warehouselocationdetail set payload = '{ "alertName":"STATIC ROUTE MISSING THRESHOLD VALUE", "dataSource":"MAWM", "database":{ "connection":"MAPRD_NEW", "type":"MySQL", "uri":"jdbc:{host}:{port}/information_schema" }, "email":{ "subject":"Splunk Alert: $alertName$", "body":"<pre>The alert condition for ''$name$'' was triggered.</pre>", "fromEmail":"wms-tools-noreply@rndc-usa.com", "toEmail":"wmsinternal@RNDC-USA.COM, WMSMSPSupport@RNDC-USA.COM", "ccEmail":"", "footer":"", "attachment":["link-to-alert","link-to-results", "inline-table"] }, "sql":"SELECT Substr(profile_id, 1, 3) ''WHSE'', static_route_id, ext_threshold ''THRESHOLD_VALUE'' FROM default_routing.RTG_STATIC_ROUTE WHERE ext_threshold IS NULL AND profile_id = ''$orgId_Org_Profile'' " }' where warehouseid = (select w.warehouseid from app.warehouselocation w where w.warehouseshortname='ATL') and requesttypeid=(select rt.requesttypeid from app.requesttype rt where rt.description='db-alert-static-route-missing-threshold'); | R5: FALSE | S5: FALSE
A6: AUB | B6: =B5 -> STATIC ROUTE MISSING THRESHOLD VALUE | C6: MAWM | D6: MAPRD_NEW | E6: MySQL | F6: jdbc:{host}:{port}/information_schema | G6: Splunk Alert: $alertName$ | H6: <pre>The alert condition for ''$name$'' was triggered.</pre> | I6: wms-tools-noreply@rndc-usa.com | J6: wmsinternal@RNDC-USA.COM, WMSMSPSupport@RNDC-USA.COM | M6: ["link-to-alert","link-to-results", "inline-table"] | N6: SELECT Substr(profile_id, 1, 3) ''WHSE'', static_route_id, ext_threshold ''THRESHOLD_VALUE'' FROM default_routing.RTG_STATIC_ROUTE WHERE ext_threshold IS NULL AND profile_id = ''$orgId_Org_Profile'' | O6: ="{ ""alertName"":""" &B6& """, ""dataSource"":""" &C6&""", ""database"":{ ""connection"":""" &D6& """, ""type"":""" &E6& """, ""uri"":""" &F6& """ }, ""email"":{ ""subject"":""" &G6& """, ""body"":""" &H6& """, ""fromEmail"":""" &I6& """, ""toEmail"":""" &J6& """, ""ccEmail"":""" &K6& """, ""footer"":""" &L6& """, ""attachment"":" &M6& " }, ""sql"":""" &N6& """ }" -> { "alertName":"STATIC ROUTE MISSING THRESHOLD VALUE", "dataSource":"MAWM", "database":{ "connection":"MAPRD_NEW", "type":"MySQL", "uri":"jdbc:{host}:{port}/information_schema" }, "email":{ "subject":"Splunk Alert: $alertName$", "body":"<pre>The alert condition for ''$name$'' was triggered.</pre>", "fromEmail":"wms-tools-noreply@rndc-usa.com", "toEmail":"wmsinternal@RNDC-USA.COM, WMSMSPSupport@RNDC-USA.COM", "ccEmail":"", "footer":"", "attachment":["link-to-alert","link-to-results", "inline-table"] }, "sql":"SELECT Substr(profile_id, 1, 3) ''WHSE'', static_route_id, ext_threshold ''THRESHOLD_VALUE'' FROM default_routing.RTG_STATIC_ROUTE WHERE ext_threshold IS NULL AND profile_id = ''$orgId_Org_Profile'' " } | P6: =newreqtype!D6 -> db-alert-static-route-missing-threshold | Q6: ="update app.warehouselocationdetail set payload = '" & O6 & "' where warehouseid = (select w.warehouseid from app.warehouselocation w where w.warehouseshortname='"&A6&"') and requesttypeid=(select rt.requesttypeid from app.requesttype rt where rt.description='"&P6& "');" -> update app.warehouselocationdetail set payload = '{ "alertName":"STATIC ROUTE MISSING THRESHOLD VALUE", "dataSource":"MAWM", "database":{ "connection":"MAPRD_NEW", "type":"MySQL", "uri":"jdbc:{host}:{port}/information_schema" }, "email":{ "subject":"Splunk Alert: $alertName$", "body":"<pre>The alert condition for ''$name$'' was triggered.</pre>", "fromEmail":"wms-tools-noreply@rndc-usa.com", "toEmail":"wmsinternal@RNDC-USA.COM, WMSMSPSupport@RNDC-USA.COM", "ccEmail":"", "footer":"", "attachment":["link-to-alert","link-to-results", "inline-table"] }, "sql":"SELECT Substr(profile_id, 1, 3) ''WHSE'', static_route_id, ext_threshold ''THRESHOLD_VALUE'' FROM default_routing.RTG_STATIC_ROUTE WHERE ext_threshold IS NULL AND profile_id = ''$orgId_Org_Profile'' " }' where warehouseid = (select w.warehouseid from app.warehouselocation w where w.warehouseshortname='AUB') and requesttypeid=(select rt.requesttypeid from app.requesttype rt where rt.description='db-alert-static-route-missing-threshold'); | R6: FALSE | S6: FALSE
A7: AUT | B7: =B6 -> STATIC ROUTE MISSING THRESHOLD VALUE | C7: MAWM | D7: MAPRD_NEW | E7: MySQL | F7: jdbc:{host}:{port}/information_schema | G7: Splunk Alert: $alertName$ | H7: <pre>The alert condition for ''$name$'' was triggered.</pre> | I7: wms-tools-noreply@rndc-usa.com | J7: wmsinternal@RNDC-USA.COM, WMSMSPSupport@RNDC-USA.COM | M7: ["link-to-alert","link-to-results", "inline-table"] | N7: SELECT Substr(profile_id, 1, 3) ''WHSE'', static_route_id, ext_threshold ''THRESHOLD_VALUE'' FROM default_routing.RTG_STATIC_ROUTE WHERE ext_threshold IS NULL AND profile_id = ''$orgId_Org_Profile'' | O7: ="{ ""alertName"":""" &B7& """, ""dataSource"":""" &C7&""", ""database"":{ ""connection"":""" &D7& """, ""type"":""" &E7& """, ""uri"":""" &F7& """ }, ""email"":{ ""subject"":""" &G7& """, ""body"":""" &H7& """, ""fromEmail"":""" &I7& """, ""toEmail"":""" &J7& """, ""ccEmail"":""" &K7& """, ""footer"":""" &L7& """, ""attachment"":" &M7& " }, ""sql"":""" &N7& """ }" -> { "alertName":"STATIC ROUTE MISSING THRESHOLD VALUE", "dataSource":"MAWM", "database":{ "connection":"MAPRD_NEW", "type":"MySQL", "uri":"jdbc:{host}:{port}/information_schema" }, "email":{ "subject":"Splunk Alert: $alertName$", "body":"<pre>The alert condition for ''$name$'' was triggered.</pre>", "fromEmail":"wms-tools-noreply@rndc-usa.com", "toEmail":"wmsinternal@RNDC-USA.COM, WMSMSPSupport@RNDC-USA.COM", "ccEmail":"", "footer":"", "attachment":["link-to-alert","link-to-results", "inline-table"] }, "sql":"SELECT Substr(profile_id, 1, 3) ''WHSE'', static_route_id, ext_threshold ''THRESHOLD_VALUE'' FROM default_routing.RTG_STATIC_ROUTE WHERE ext_threshold IS NULL AND profile_id = ''$orgId_Org_Profile'' " } | P7: =newreqtype!D6 -> db-alert-static-route-missing-threshold | Q7: ="update app.warehouselocationdetail set payload = '" & O7 & "' where warehouseid = (select w.warehouseid from app.warehouselocation w where w.warehouseshortname='"&A7&"') and requesttypeid=(select rt.requesttypeid from app.requesttype rt where rt.description='"&P7& "');" -> update app.warehouselocationdetail set payload = '{ "alertName":"STATIC ROUTE MISSING THRESHOLD VALUE", "dataSource":"MAWM", "database":{ "connection":"MAPRD_NEW", "type":"MySQL", "uri":"jdbc:{host}:{port}/information_schema" }, "email":{ "subject":"Splunk Alert: $alertName$", "body":"<pre>The alert condition for ''$name$'' was triggered.</pre>", "fromEmail":"wms-tools-noreply@rndc-usa.com", "toEmail":"wmsinternal@RNDC-USA.COM, WMSMSPSupport@RNDC-USA.COM", "ccEmail":"", "footer":"", "attachment":["link-to-alert","link-to-results", "inline-table"] }, "sql":"SELECT Substr(profile_id, 1, 3) ''WHSE'', static_route_id, ext_threshold ''THRESHOLD_VALUE'' FROM default_routing.RTG_STATIC_ROUTE WHERE ext_threshold IS NULL AND profile_id = ''$orgId_Org_Profile'' " }' where warehouseid = (select w.warehouseid from app.warehouselocation w where w.warehouseshortname='AUT') and requesttypeid=(select rt.requesttypeid from app.requesttype rt where rt.description='db-alert-static-route-missing-threshold'); | R7: FALSE | S7: FALSE
A8: CCR | B8: =B7 -> STATIC ROUTE MISSING THRESHOLD VALUE | C8: MAWM | D8: MAPRD_NEW | E8: MySQL | F8: jdbc:{host}:{port}/information_schema | G8: Splunk Alert: $alertName$ | H8: <pre>The alert condition for ''$name$'' was triggered.</pre> | I8: wms-tools-noreply@rndc-usa.com | J8: wmsinternal@RNDC-USA.COM, WMSMSPSupport@RNDC-USA.COM | M8: ["link-to-alert","link-to-results", "inline-table"] | N8: SELECT Substr(profile_id, 1, 3) ''WHSE'', static_route_id, ext_threshold ''THRESHOLD_VALUE'' FROM default_routing.RTG_STATIC_ROUTE WHERE ext_threshold IS NULL AND profile_id = ''$orgId_Org_Profile'' | O8: ="{ ""alertName"":""" &B8& """, ""dataSource"":""" &C8&""", ""database"":{ ""connection"":""" &D8& """, ""type"":""" &E8& """, ""uri"":""" &F8& """ }, ""email"":{ ""subject"":""" &G8& """, ""body"":""" &H8& """, ""fromEmail"":""" &I8& """, ""toEmail"":""" &J8& """, ""ccEmail"":""" &K8& """, ""footer"":""" &L8& """, ""attachment"":" &M8& " }, ""sql"":""" &N8& """ }" -> { "alertName":"STATIC ROUTE MISSING THRESHOLD VALUE", "dataSource":"MAWM", "database":{ "connection":"MAPRD_NEW", "type":"MySQL", "uri":"jdbc:{host}:{port}/information_schema" }, "email":{ "subject":"Splunk Alert: $alertName$", "body":"<pre>The alert condition for ''$name$'' was triggered.</pre>", "fromEmail":"wms-tools-noreply@rndc-usa.com", "toEmail":"wmsinternal@RNDC-USA.COM, WMSMSPSupport@RNDC-USA.COM", "ccEmail":"", "footer":"", "attachment":["link-to-alert","link-to-results", "inline-table"] }, "sql":"SELECT Substr(profile_id, 1, 3) ''WHSE'', static_route_id, ext_threshold ''THRESHOLD_VALUE'' FROM default_routing.RTG_STATIC_ROUTE WHERE ext_threshold IS NULL AND profile_id = ''$orgId_Org_Profile'' " } | P8: =newreqtype!D6 -> db-alert-static-route-missing-threshold | Q8: ="update app.warehouselocationdetail set payload = '" & O8 & "' where warehouseid = (select w.warehouseid from app.warehouselocation w where w.warehouseshortname='"&A8&"') and requesttypeid=(select rt.requesttypeid from app.requesttype rt where rt.description='"&P8& "');" -> update app.warehouselocationdetail set payload = '{ "alertName":"STATIC ROUTE MISSING THRESHOLD VALUE", "dataSource":"MAWM", "database":{ "connection":"MAPRD_NEW", "type":"MySQL", "uri":"jdbc:{host}:{port}/information_schema" }, "email":{ "subject":"Splunk Alert: $alertName$", "body":"<pre>The alert condition for ''$name$'' was triggered.</pre>", "fromEmail":"wms-tools-noreply@rndc-usa.com", "toEmail":"wmsinternal@RNDC-USA.COM, WMSMSPSupport@RNDC-USA.COM", "ccEmail":"", "footer":"", "attachment":["link-to-alert","link-to-results", "inline-table"] }, "sql":"SELECT Substr(profile_id, 1, 3) ''WHSE'', static_route_id, ext_threshold ''THRESHOLD_VALUE'' FROM default_routing.RTG_STATIC_ROUTE WHERE ext_threshold IS NULL AND profile_id = ''$orgId_Org_Profile'' " }' where warehouseid = (select w.warehouseid from app.warehouselocation w where w.warehouseshortname='CCR') and requesttypeid=(select rt.requesttypeid from app.requesttype rt where rt.description='db-alert-static-route-missing-threshold'); | R8: FALSE | S8: FALSE
A9: CHI | B9: =B8 -> STATIC ROUTE MISSING THRESHOLD VALUE | C9: MAWM | D9: MAPRD_NEW | E9: MySQL | F9: jdbc:{host}:{port}/information_schema | G9: Splunk Alert: $alertName$ | H9: <pre>The alert condition for ''$name$'' was triggered.</pre> | I9: wms-tools-noreply@rndc-usa.com | J9: wmsinternal@RNDC-USA.COM, WMSMSPSupport@RNDC-USA.COM | M9: ["link-to-alert","link-to-results", "inline-table"] | N9: SELECT Substr(profile_id, 1, 3) ''WHSE'', static_route_id, ext_threshold ''THRESHOLD_VALUE'' FROM default_routing.RTG_STATIC_ROUTE WHERE ext_threshold IS NULL AND profile_id = ''$orgId_Org_Profile'' | O9: ="{ ""alertName"":""" &B9& """, ""dataSource"":""" &C9&""", ""database"":{ ""connection"":""" &D9& """, ""type"":""" &E9& """, ""uri"":""" &F9& """ }, ""email"":{ ""subject"":""" &G9& """, ""body"":""" &H9& """, ""fromEmail"":""" &I9& """, ""toEmail"":""" &J9& """, ""ccEmail"":""" &K9& """, ""footer"":""" &L9& """, ""attachment"":" &M9& " }, ""sql"":""" &N9& """ }" -> { "alertName":"STATIC ROUTE MISSING THRESHOLD VALUE", "dataSource":"MAWM", "database":{ "connection":"MAPRD_NEW", "type":"MySQL", "uri":"jdbc:{host}:{port}/information_schema" }, "email":{ "subject":"Splunk Alert: $alertName$", "body":"<pre>The alert condition for ''$name$'' was triggered.</pre>", "fromEmail":"wms-tools-noreply@rndc-usa.com", "toEmail":"wmsinternal@RNDC-USA.COM, WMSMSPSupport@RNDC-USA.COM", "ccEmail":"", "footer":"", "attachment":["link-to-alert","link-to-results", "inline-table"] }, "sql":"SELECT Substr(profile_id, 1, 3) ''WHSE'', static_route_id, ext_threshold ''THRESHOLD_VALUE'' FROM default_routing.RTG_STATIC_ROUTE WHERE ext_threshold IS NULL AND profile_id = ''$orgId_Org_Profile'' " } | P9: =newreqtype!D6 -> db-alert-static-route-missing-threshold | Q9: ="update app.warehouselocationdetail set payload = '" & O9 & "' where warehouseid = (select w.warehouseid from app.warehouselocation w where w.warehouseshortname='"&A9&"') and requesttypeid=(select rt.requesttypeid from app.requesttype rt where rt.description='"&P9& "');" -> update app.warehouselocationdetail set payload = '{ "alertName":"STATIC ROUTE MISSING THRESHOLD VALUE", "dataSource":"MAWM", "database":{ "connection":"MAPRD_NEW", "type":"MySQL", "uri":"jdbc:{host}:{port}/information_schema" }, "email":{ "subject":"Splunk Alert: $alertName$", "body":"<pre>The alert condition for ''$name$'' was triggered.</pre>", "fromEmail":"wms-tools-noreply@rndc-usa.com", "toEmail":"wmsinternal@RNDC-USA.COM, WMSMSPSupport@RNDC-USA.COM", "ccEmail":"", "footer":"", "attachment":["link-to-alert","link-to-results", "inline-table"] }, "sql":"SELECT Substr(profile_id, 1, 3) ''WHSE'', static_route_id, ext_threshold ''THRESHOLD_VALUE'' FROM default_routing.RTG_STATIC_ROUTE WHERE ext_threshold IS NULL AND profile_id = ''$orgId_Org_Profile'' " }' where warehouseid = (select w.warehouseid from app.warehouselocation w where w.warehouseshortname='CHI') and requesttypeid=(select rt.requesttypeid from app.requesttype rt where rt.description='db-alert-static-route-missing-threshold'); | R9: FALSE | S9: FALSE
A10: COL | B10: =B9 -> STATIC ROUTE MISSING THRESHOLD VALUE | C10: MAWM | D10: MAPRD_NEW | E10: MySQL | F10: jdbc:{host}:{port}/information_schema | G10: Splunk Alert: $alertName$ | H10: <pre>The alert condition for ''$name$'' was triggered.</pre> | I10: wms-tools-noreply@rndc-usa.com | J10: wmsinternal@RNDC-USA.COM, WMSMSPSupport@RNDC-USA.COM | M10: ["link-to-alert","link-to-results", "inline-table"] | N10: SELECT Substr(profile_id, 1, 3) ''WHSE'', static_route_id, ext_threshold ''THRESHOLD_VALUE'' FROM default_routing.RTG_STATIC_ROUTE WHERE ext_threshold IS NULL AND profile_id = ''$orgId_Org_Profile'' | O10: ="{ ""alertName"":""" &B10& """, ""dataSource"":""" &C10&""", ""database"":{ ""connection"":""" &D10& """, ""type"":""" &E10& """, ""uri"":""" &F10& """ }, ""email"":{ ""subject"":""" &G10& """, ""body"":""" &H10& """, ""fromEmail"":""" &I10& """, ""toEmail"":""" &J10& """, ""ccEmail"":""" &K10& """, ""footer"":""" &L10& """, ""attachment"":" &M10& " }, ""sql"":""" &N10& """ }" -> { "alertName":"STATIC ROUTE MISSING THRESHOLD VALUE", "dataSource":"MAWM", "database":{ "connection":"MAPRD_NEW", "type":"MySQL", "uri":"jdbc:{host}:{port}/information_schema" }, "email":{ "subject":"Splunk Alert: $alertName$", "body":"<pre>The alert condition for ''$name$'' was triggered.</pre>", "fromEmail":"wms-tools-noreply@rndc-usa.com", "toEmail":"wmsinternal@RNDC-USA.COM, WMSMSPSupport@RNDC-USA.COM", "ccEmail":"", "footer":"", "attachment":["link-to-alert","link-to-results", "inline-table"] }, "sql":"SELECT Substr(profile_id, 1, 3) ''WHSE'', static_route_id, ext_threshold ''THRESHOLD_VALUE'' FROM default_routing.RTG_STATIC_ROUTE WHERE ext_threshold IS NULL AND profile_id = ''$orgId_Org_Profile'' " } | P10: =newreqtype!D6 -> db-alert-static-route-missing-threshold | Q10: ="update app.warehouselocationdetail set payload = '" & O10 & "' where warehouseid = (select w.warehouseid from app.warehouselocation w where w.warehouseshortname='"&A10&"') and requesttypeid=(select rt.requesttypeid from app.requesttype rt where rt.description='"&P10& "');" -> update app.warehouselocationdetail set payload = '{ "alertName":"STATIC ROUTE MISSING THRESHOLD VALUE", "dataSource":"MAWM", "database":{ "connection":"MAPRD_NEW", "type":"MySQL", "uri":"jdbc:{host}:{port}/information_schema" }, "email":{ "subject":"Splunk Alert: $alertName$", "body":"<pre>The alert condition for ''$name$'' was triggered.</pre>", "fromEmail":"wms-tools-noreply@rndc-usa.com", "toEmail":"wmsinternal@RNDC-USA.COM, WMSMSPSupport@RNDC-USA.COM", "ccEmail":"", "footer":"", "attachment":["link-to-alert","link-to-results", "inline-table"] }, "sql":"SELECT Substr(profile_id, 1, 3) ''WHSE'', static_route_id, ext_threshold ''THRESHOLD_VALUE'' FROM default_routing.RTG_STATIC_ROUTE WHERE ext_threshold IS NULL AND profile_id = ''$orgId_Org_Profile'' " }' where warehouseid = (select w.warehouseid from app.warehouselocation w where w.warehouseshortname='COL') and requesttypeid=(select rt.requesttypeid from app.requesttype rt where rt.description='db-alert-static-route-missing-threshold'); | R10: FALSE | S10: FALSE
A11: DEN | B11: =B10 -> STATIC ROUTE MISSING THRESHOLD VALUE | C11: MAWM | D11: MAPRD_NEW | E11: MySQL | F11: jdbc:{host}:{port}/information_schema | G11: Splunk Alert: $alertName$ | H11: <pre>The alert condition for ''$name$'' was triggered.</pre> | I11: wms-tools-noreply@rndc-usa.com | J11: wmsinternal@RNDC-USA.COM, WMSMSPSupport@RNDC-USA.COM | M11: ["link-to-alert","link-to-results", "inline-table"] | N11: SELECT Substr(profile_id, 1, 3) ''WHSE'', static_route_id, ext_threshold ''THRESHOLD_VALUE'' FROM default_routing.RTG_STATIC_ROUTE WHERE ext_threshold IS NULL AND profile_id = ''$orgId_Org_Profile'' | O11: ="{ ""alertName"":""" &B11& """, ""dataSource"":""" &C11&""", ""database"":{ ""connection"":""" &D11& """, ""type"":""" &E11& """, ""uri"":""" &F11& """ }, ""email"":{ ""subject"":""" &G11& """, ""body"":""" &H11& """, ""fromEmail"":""" &I11& """, ""toEmail"":""" &J11& """, ""ccEmail"":""" &K11& """, ""footer"":""" &L11& """, ""attachment"":" &M11& " }, ""sql"":""" &N11& """ }" -> { "alertName":"STATIC ROUTE MISSING THRESHOLD VALUE", "dataSource":"MAWM", "database":{ "connection":"MAPRD_NEW", "type":"MySQL", "uri":"jdbc:{host}:{port}/information_schema" }, "email":{ "subject":"Splunk Alert: $alertName$", "body":"<pre>The alert condition for ''$name$'' was triggered.</pre>", "fromEmail":"wms-tools-noreply@rndc-usa.com", "toEmail":"wmsinternal@RNDC-USA.COM, WMSMSPSupport@RNDC-USA.COM", "ccEmail":"", "footer":"", "attachment":["link-to-alert","link-to-results", "inline-table"] }, "sql":"SELECT Substr(profile_id, 1, 3) ''WHSE'', static_route_id, ext_threshold ''THRESHOLD_VALUE'' FROM default_routing.RTG_STATIC_ROUTE WHERE ext_threshold IS NULL AND profile_id = ''$orgId_Org_Profile'' " } | P11: =newreqtype!D6 -> db-alert-static-route-missing-threshold | Q11: ="update app.warehouselocationdetail set payload = '" & O11 & "' where warehouseid = (select w.warehouseid from app.warehouselocation w where w.warehouseshortname='"&A11&"') and requesttypeid=(select rt.requesttypeid from app.requesttype rt where rt.description='"&P11& "');" -> update app.warehouselocationdetail set payload = '{ "alertName":"STATIC ROUTE MISSING THRESHOLD VALUE", "dataSource":"MAWM", "database":{ "connection":"MAPRD_NEW", "type":"MySQL", "uri":"jdbc:{host}:{port}/information_schema" }, "email":{ "subject":"Splunk Alert: $alertName$", "body":"<pre>The alert condition for ''$name$'' was triggered.</pre>", "fromEmail":"wms-tools-noreply@rndc-usa.com", "toEmail":"wmsinternal@RNDC-USA.COM, WMSMSPSupport@RNDC-USA.COM", "ccEmail":"", "footer":"", "attachment":["link-to-alert","link-to-results", "inline-table"] }, "sql":"SELECT Substr(profile_id, 1, 3) ''WHSE'', static_route_id, ext_threshold ''THRESHOLD_VALUE'' FROM default_routing.RTG_STATIC_ROUTE WHERE ext_threshold IS NULL AND profile_id = ''$orgId_Org_Profile'' " }' where warehouseid = (select w.warehouseid from app.warehouselocation w where w.warehouseshortname='DEN') and requesttypeid=(select rt.requesttypeid from app.requesttype rt where rt.description='db-alert-static-route-missing-threshold'); | R11: FALSE | S11: FALSE
A12: DFB | B12: =B11 -> STATIC ROUTE MISSING THRESHOLD VALUE | C12: MAWM | D12: MAPRD_NEW | E12: MySQL | F12: jdbc:{host}:{port}/information_schema | G12: Splunk Alert: $alertName$ | H12: <pre>The alert condition for ''$name$'' was triggered.</pre> | I12: wms-tools-noreply@rndc-usa.com | J12: wmsinternal@RNDC-USA.COM, WMSMSPSupport@RNDC-USA.COM | M12: ["link-to-alert","link-to-results", "inline-table"] | N12: SELECT Substr(profile_id, 1, 3) ''WHSE'', static_route_id, ext_threshold ''THRESHOLD_VALUE'' FROM default_routing.RTG_STATIC_ROUTE WHERE ext_threshold IS NULL AND profile_id = ''$orgId_Org_Profile'' | O12: ="{ ""alertName"":""" &B12& """, ""dataSource"":""" &C12&""", ""database"":{ ""connection"":""" &D12& """, ""type"":""" &E12& """, ""uri"":""" &F12& """ }, ""email"":{ ""subject"":""" &G12& """, ""body"":""" &H12& """, ""fromEmail"":""" &I12& """, ""toEmail"":""" &J12& """, ""ccEmail"":""" &K12& """, ""footer"":""" &L12& """, ""attachment"":" &M12& " }, ""sql"":""" &N12& """ }" -> { "alertName":"STATIC ROUTE MISSING THRESHOLD VALUE", "dataSource":"MAWM", "database":{ "connection":"MAPRD_NEW", "type":"MySQL", "uri":"jdbc:{host}:{port}/information_schema" }, "email":{ "subject":"Splunk Alert: $alertName$", "body":"<pre>The alert condition for ''$name$'' was triggered.</pre>", "fromEmail":"wms-tools-noreply@rndc-usa.com", "toEmail":"wmsinternal@RNDC-USA.COM, WMSMSPSupport@RNDC-USA.COM", "ccEmail":"", "footer":"", "attachment":["link-to-alert","link-to-results", "inline-table"] }, "sql":"SELECT Substr(profile_id, 1, 3) ''WHSE'', static_route_id, ext_threshold ''THRESHOLD_VALUE'' FROM default_routing.RTG_STATIC_ROUTE WHERE ext_threshold IS NULL AND profile_id = ''$orgId_Org_Profile'' " } | P12: =newreqtype!D6 -> db-alert-static-route-missing-threshold | Q12: ="update app.warehouselocationdetail set payload = '" & O12 & "' where warehouseid = (select w.warehouseid from app.warehouselocation w where w.warehouseshortname='"&A12&"') and requesttypeid=(select rt.requesttypeid from app.requesttype rt where rt.description='"&P12& "');" -> update app.warehouselocationdetail set payload = '{ "alertName":"STATIC ROUTE MISSING THRESHOLD VALUE", "dataSource":"MAWM", "database":{ "connection":"MAPRD_NEW", "type":"MySQL", "uri":"jdbc:{host}:{port}/information_schema" }, "email":{ "subject":"Splunk Alert: $alertName$", "body":"<pre>The alert condition for ''$name$'' was triggered.</pre>", "fromEmail":"wms-tools-noreply@rndc-usa.com", "toEmail":"wmsinternal@RNDC-USA.COM, WMSMSPSupport@RNDC-USA.COM", "ccEmail":"", "footer":"", "attachment":["link-to-alert","link-to-results", "inline-table"] }, "sql":"SELECT Substr(profile_id, 1, 3) ''WHSE'', static_route_id, ext_threshold ''THRESHOLD_VALUE'' FROM default_routing.RTG_STATIC_ROUTE WHERE ext_threshold IS NULL AND profile_id = ''$orgId_Org_Profile'' " }' where warehouseid = (select w.warehouseid from app.warehouselocation w where w.warehouseshortname='DFB') and requesttypeid=(select rt.requesttypeid from app.requesttype rt where rt.description='db-alert-static-route-missing-threshold'); | R12: FALSE | S12: FALSE
A13: ELP | B13: =B12 -> STATIC ROUTE MISSING THRESHOLD VALUE | C13: MAWM | D13: MAPRD_NEW | E13: MySQL | F13: jdbc:{host}:{port}/information_schema | G13: Splunk Alert: $alertName$ | H13: <pre>The alert condition for ''$name$'' was triggered.</pre> | I13: wms-tools-noreply@rndc-usa.com | J13: wmsinternal@RNDC-USA.COM, WMSMSPSupport@RNDC-USA.COM | M13: ["link-to-alert","link-to-results", "inline-table"] | N13: SELECT Substr(profile_id, 1, 3) ''WHSE'', static_route_id, ext_threshold ''THRESHOLD_VALUE'' FROM default_routing.RTG_STATIC_ROUTE WHERE ext_threshold IS NULL AND profile_id = ''$orgId_Org_Profile'' | O13: ="{ ""alertName"":""" &B13& """, ""dataSource"":""" &C13&""", ""database"":{ ""connection"":""" &D13& """, ""type"":""" &E13& """, ""uri"":""" &F13& """ }, ""email"":{ ""subject"":""" &G13& """, ""body"":""" &H13& """, ""fromEmail"":""" &I13& """, ""toEmail"":""" &J13& """, ""ccEmail"":""" &K13& """, ""footer"":""" &L13& """, ""attachment"":" &M13& " }, ""sql"":""" &N13& """ }" -> { "alertName":"STATIC ROUTE MISSING THRESHOLD VALUE", "dataSource":"MAWM", "database":{ "connection":"MAPRD_NEW", "type":"MySQL", "uri":"jdbc:{host}:{port}/information_schema" }, "email":{ "subject":"Splunk Alert: $alertName$", "body":"<pre>The alert condition for ''$name$'' was triggered.</pre>", "fromEmail":"wms-tools-noreply@rndc-usa.com", "toEmail":"wmsinternal@RNDC-USA.COM, WMSMSPSupport@RNDC-USA.COM", "ccEmail":"", "footer":"", "attachment":["link-to-alert","link-to-results", "inline-table"] }, "sql":"SELECT Substr(profile_id, 1, 3) ''WHSE'', static_route_id, ext_threshold ''THRESHOLD_VALUE'' FROM default_routing.RTG_STATIC_ROUTE WHERE ext_threshold IS NULL AND profile_id = ''$orgId_Org_Profile'' " } | P13: =newreqtype!D6 -> db-alert-static-route-missing-threshold | Q13: ="update app.warehouselocationdetail set payload = '" & O13 & "' where warehouseid = (select w.warehouseid from app.warehouselocation w where w.warehouseshortname='"&A13&"') and requesttypeid=(select rt.requesttypeid from app.requesttype rt where rt.description='"&P13& "');" -> update app.warehouselocationdetail set payload = '{ "alertName":"STATIC ROUTE MISSING THRESHOLD VALUE", "dataSource":"MAWM", "database":{ "connection":"MAPRD_NEW", "type":"MySQL", "uri":"jdbc:{host}:{port}/information_schema" }, "email":{ "subject":"Splunk Alert: $alertName$", "body":"<pre>The alert condition for ''$name$'' was triggered.</pre>", "fromEmail":"wms-tools-noreply@rndc-usa.com", "toEmail":"wmsinternal@RNDC-USA.COM, WMSMSPSupport@RNDC-USA.COM", "ccEmail":"", "footer":"", "attachment":["link-to-alert","link-to-results", "inline-table"] }, "sql":"SELECT Substr(profile_id, 1, 3) ''WHSE'', static_route_id, ext_threshold ''THRESHOLD_VALUE'' FROM default_routing.RTG_STATIC_ROUTE WHERE ext_threshold IS NULL AND profile_id = ''$orgId_Org_Profile'' " }' where warehouseid = (select w.warehouseid from app.warehouselocation w where w.warehouseshortname='ELP') and requesttypeid=(select rt.requesttypeid from app.requesttype rt where rt.description='db-alert-static-route-missing-threshold'); | R13: FALSE | S13: FALSE
A14: FAR | B14: =B13 -> STATIC ROUTE MISSING THRESHOLD VALUE | C14: MAWM | D14: MAPRD_NEW | E14: MySQL | F14: jdbc:{host}:{port}/information_schema | G14: Splunk Alert: $alertName$ | H14: <pre>The alert condition for ''$name$'' was triggered.</pre> | I14: wms-tools-noreply@rndc-usa.com | J14: wmsinternal@RNDC-USA.COM, WMSMSPSupport@RNDC-USA.COM | M14: ["link-to-alert","link-to-results", "inline-table"] | N14: SELECT Substr(profile_id, 1, 3) ''WHSE'', static_route_id, ext_threshold ''THRESHOLD_VALUE'' FROM default_routing.RTG_STATIC_ROUTE WHERE ext_threshold IS NULL AND profile_id = ''$orgId_Org_Profile'' | O14: ="{ ""alertName"":""" &B14& """, ""dataSource"":""" &C14&""", ""database"":{ ""connection"":""" &D14& """, ""type"":""" &E14& """, ""uri"":""" &F14& """ }, ""email"":{ ""subject"":""" &G14& """, ""body"":""" &H14& """, ""fromEmail"":""" &I14& """, ""toEmail"":""" &J14& """, ""ccEmail"":""" &K14& """, ""footer"":""" &L14& """, ""attachment"":" &M14& " }, ""sql"":""" &N14& """ }" -> { "alertName":"STATIC ROUTE MISSING THRESHOLD VALUE", "dataSource":"MAWM", "database":{ "connection":"MAPRD_NEW", "type":"MySQL", "uri":"jdbc:{host}:{port}/information_schema" }, "email":{ "subject":"Splunk Alert: $alertName$", "body":"<pre>The alert condition for ''$name$'' was triggered.</pre>", "fromEmail":"wms-tools-noreply@rndc-usa.com", "toEmail":"wmsinternal@RNDC-USA.COM, WMSMSPSupport@RNDC-USA.COM", "ccEmail":"", "footer":"", "attachment":["link-to-alert","link-to-results", "inline-table"] }, "sql":"SELECT Substr(profile_id, 1, 3) ''WHSE'', static_route_id, ext_threshold ''THRESHOLD_VALUE'' FROM default_routing.RTG_STATIC_ROUTE WHERE ext_threshold IS NULL AND profile_id = ''$orgId_Org_Profile'' " } | P14: =newreqtype!D6 -> db-alert-static-route-missing-threshold | Q14: ="update app.warehouselocationdetail set payload = '" & O14 & "' where warehouseid = (select w.warehouseid from app.warehouselocation w where w.warehouseshortname='"&A14&"') and requesttypeid=(select rt.requesttypeid from app.requesttype rt where rt.description='"&P14& "');" -> update app.warehouselocationdetail set payload = '{ "alertName":"STATIC ROUTE MISSING THRESHOLD VALUE", "dataSource":"MAWM", "database":{ "connection":"MAPRD_NEW", "type":"MySQL", "uri":"jdbc:{host}:{port}/information_schema" }, "email":{ "subject":"Splunk Alert: $alertName$", "body":"<pre>The alert condition for ''$name$'' was triggered.</pre>", "fromEmail":"wms-tools-noreply@rndc-usa.com", "toEmail":"wmsinternal@RNDC-USA.COM, WMSMSPSupport@RNDC-USA.COM", "ccEmail":"", "footer":"", "attachment":["link-to-alert","link-to-results", "inline-table"] }, "sql":"SELECT Substr(profile_id, 1, 3) ''WHSE'', static_route_id, ext_threshold ''THRESHOLD_VALUE'' FROM default_routing.RTG_STATIC_ROUTE WHERE ext_threshold IS NULL AND profile_id = ''$orgId_Org_Profile'' " }' where warehouseid = (select w.warehouseid from app.warehouselocation w where w.warehouseshortname='FAR') and requesttypeid=(select rt.requesttypeid from app.requesttype rt where rt.description='db-alert-static-route-missing-threshold'); | R14: FALSE | S14: FALSE
A15: GRP | B15: =B14 -> STATIC ROUTE MISSING THRESHOLD VALUE | C15: MAWM | D15: MAPRD_NEW | E15: MySQL | F15: jdbc:{host}:{port}/information_schema | G15: Splunk Alert: $alertName$ | H15: <pre>The alert condition for ''$name$'' was triggered.</pre> | I15: wms-tools-noreply@rndc-usa.com | J15: wmsinternal@RNDC-USA.COM, WMSMSPSupport@RNDC-USA.COM | M15: ["link-to-alert","link-to-results", "inline-table"] | N15: SELECT Substr(profile_id, 1, 3) ''WHSE'', static_route_id, ext_threshold ''THRESHOLD_VALUE'' FROM default_routing.RTG_STATIC_ROUTE WHERE ext_threshold IS NULL AND profile_id = ''$orgId_Org_Profile'' | O15: ="{ ""alertName"":""" &B15& """, ""dataSource"":""" &C15&""", ""database"":{ ""connection"":""" &D15& """, ""type"":""" &E15& """, ""uri"":""" &F15& """ }, ""email"":{ ""subject"":""" &G15& """, ""body"":""" &H15& """, ""fromEmail"":""" &I15& """, ""toEmail"":""" &J15& """, ""ccEmail"":""" &K15& """, ""footer"":""" &L15& """, ""attachment"":" &M15& " }, ""sql"":""" &N15& """ }" -> { "alertName":"STATIC ROUTE MISSING THRESHOLD VALUE", "dataSource":"MAWM", "database":{ "connection":"MAPRD_NEW", "type":"MySQL", "uri":"jdbc:{host}:{port}/information_schema" }, "email":{ "subject":"Splunk Alert: $alertName$", "body":"<pre>The alert condition for ''$name$'' was triggered.</pre>", "fromEmail":"wms-tools-noreply@rndc-usa.com", "toEmail":"wmsinternal@RNDC-USA.COM, WMSMSPSupport@RNDC-USA.COM", "ccEmail":"", "footer":"", "attachment":["link-to-alert","link-to-results", "inline-table"] }, "sql":"SELECT Substr(profile_id, 1, 3) ''WHSE'', static_route_id, ext_threshold ''THRESHOLD_VALUE'' FROM default_routing.RTG_STATIC_ROUTE WHERE ext_threshold IS NULL AND profile_id = ''$orgId_Org_Profile'' " } | P15: =newreqtype!D6 -> db-alert-static-route-missing-threshold | Q15: ="update app.warehouselocationdetail set payload = '" & O15 & "' where warehouseid = (select w.warehouseid from app.warehouselocation w where w.warehouseshortname='"&A15&"') and requesttypeid=(select rt.requesttypeid from app.requesttype rt where rt.description='"&P15& "');" -> update app.warehouselocationdetail set payload = '{ "alertName":"STATIC ROUTE MISSING THRESHOLD VALUE", "dataSource":"MAWM", "database":{ "connection":"MAPRD_NEW", "type":"MySQL", "uri":"jdbc:{host}:{port}/information_schema" }, "email":{ "subject":"Splunk Alert: $alertName$", "body":"<pre>The alert condition for ''$name$'' was triggered.</pre>", "fromEmail":"wms-tools-noreply@rndc-usa.com", "toEmail":"wmsinternal@RNDC-USA.COM, WMSMSPSupport@RNDC-USA.COM", "ccEmail":"", "footer":"", "attachment":["link-to-alert","link-to-results", "inline-table"] }, "sql":"SELECT Substr(profile_id, 1, 3) ''WHSE'', static_route_id, ext_threshold ''THRESHOLD_VALUE'' FROM default_routing.RTG_STATIC_ROUTE WHERE ext_threshold IS NULL AND profile_id = ''$orgId_Org_Profile'' " }' where warehouseid = (select w.warehouseid from app.warehouselocation w where w.warehouseshortname='GRP') and requesttypeid=(select rt.requesttypeid from app.requesttype rt where rt.description='db-alert-static-route-missing-threshold'); | R15: FALSE | S15: FALSE
A16: HAW | B16: =B15 -> STATIC ROUTE MISSING THRESHOLD VALUE | C16: MAWM | D16: MAPRD_NEW | E16: MySQL | F16: jdbc:{host}:{port}/information_schema | G16: Splunk Alert: $alertName$ | H16: <pre>The alert condition for ''$name$'' was triggered.</pre> | I16: wms-tools-noreply@rndc-usa.com | J16: wmsinternal@RNDC-USA.COM, WMSMSPSupport@RNDC-USA.COM | M16: ["link-to-alert","link-to-results", "inline-table"] | N16: SELECT Substr(profile_id, 1, 3) ''WHSE'', static_route_id, ext_threshold ''THRESHOLD_VALUE'' FROM default_routing.RTG_STATIC_ROUTE WHERE ext_threshold IS NULL AND profile_id = ''$orgId_Org_Profile'' | O16: ="{ ""alertName"":""" &B16& """, ""dataSource"":""" &C16&""", ""database"":{ ""connection"":""" &D16& """, ""type"":""" &E16& """, ""uri"":""" &F16& """ }, ""email"":{ ""subject"":""" &G16& """, ""body"":""" &H16& """, ""fromEmail"":""" &I16& """, ""toEmail"":""" &J16& """, ""ccEmail"":""" &K16& """, ""footer"":""" &L16& """, ""attachment"":" &M16& " }, ""sql"":""" &N16& """ }" -> { "alertName":"STATIC ROUTE MISSING THRESHOLD VALUE", "dataSource":"MAWM", "database":{ "connection":"MAPRD_NEW", "type":"MySQL", "uri":"jdbc:{host}:{port}/information_schema" }, "email":{ "subject":"Splunk Alert: $alertName$", "body":"<pre>The alert condition for ''$name$'' was triggered.</pre>", "fromEmail":"wms-tools-noreply@rndc-usa.com", "toEmail":"wmsinternal@RNDC-USA.COM, WMSMSPSupport@RNDC-USA.COM", "ccEmail":"", "footer":"", "attachment":["link-to-alert","link-to-results", "inline-table"] }, "sql":"SELECT Substr(profile_id, 1, 3) ''WHSE'', static_route_id, ext_threshold ''THRESHOLD_VALUE'' FROM default_routing.RTG_STATIC_ROUTE WHERE ext_threshold IS NULL AND profile_id = ''$orgId_Org_Profile'' " } | P16: =newreqtype!D6 -> db-alert-static-route-missing-threshold | Q16: ="update app.warehouselocationdetail set payload = '" & O16 & "' where warehouseid = (select w.warehouseid from app.warehouselocation w where w.warehouseshortname='"&A16&"') and requesttypeid=(select rt.requesttypeid from app.requesttype rt where rt.description='"&P16& "');" -> update app.warehouselocationdetail set payload = '{ "alertName":"STATIC ROUTE MISSING THRESHOLD VALUE", "dataSource":"MAWM", "database":{ "connection":"MAPRD_NEW", "type":"MySQL", "uri":"jdbc:{host}:{port}/information_schema" }, "email":{ "subject":"Splunk Alert: $alertName$", "body":"<pre>The alert condition for ''$name$'' was triggered.</pre>", "fromEmail":"wms-tools-noreply@rndc-usa.com", "toEmail":"wmsinternal@RNDC-USA.COM, WMSMSPSupport@RNDC-USA.COM", "ccEmail":"", "footer":"", "attachment":["link-to-alert","link-to-results", "inline-table"] }, "sql":"SELECT Substr(profile_id, 1, 3) ''WHSE'', static_route_id, ext_threshold ''THRESHOLD_VALUE'' FROM default_routing.RTG_STATIC_ROUTE WHERE ext_threshold IS NULL AND profile_id = ''$orgId_Org_Profile'' " }' where warehouseid = (select w.warehouseid from app.warehouselocation w where w.warehouseshortname='HAW') and requesttypeid=(select rt.requesttypeid from app.requesttype rt where rt.description='db-alert-static-route-missing-threshold'); | R16: FALSE | S16: FALSE
A17: HOU | B17: =B16 -> STATIC ROUTE MISSING THRESHOLD VALUE | C17: MAWM | D17: MAPRD_NEW | E17: MySQL | F17: jdbc:{host}:{port}/information_schema | G17: Splunk Alert: $alertName$ | H17: <pre>The alert condition for ''$name$'' was triggered.</pre> | I17: wms-tools-noreply@rndc-usa.com | J17: wmsinternal@RNDC-USA.COM, WMSMSPSupport@RNDC-USA.COM | M17: ["link-to-alert","link-to-results", "inline-table"] | N17: SELECT Substr(profile_id, 1, 3) ''WHSE'', static_route_id, ext_threshold ''THRESHOLD_VALUE'' FROM default_routing.RTG_STATIC_ROUTE WHERE ext_threshold IS NULL AND profile_id = ''$orgId_Org_Profile'' | O17: ="{ ""alertName"":""" &B17& """, ""dataSource"":""" &C17&""", ""database"":{ ""connection"":""" &D17& """, ""type"":""" &E17& """, ""uri"":""" &F17& """ }, ""email"":{ ""subject"":""" &G17& """, ""body"":""" &H17& """, ""fromEmail"":""" &I17& """, ""toEmail"":""" &J17& """, ""ccEmail"":""" &K17& """, ""footer"":""" &L17& """, ""attachment"":" &M17& " }, ""sql"":""" &N17& """ }" -> { "alertName":"STATIC ROUTE MISSING THRESHOLD VALUE", "dataSource":"MAWM", "database":{ "connection":"MAPRD_NEW", "type":"MySQL", "uri":"jdbc:{host}:{port}/information_schema" }, "email":{ "subject":"Splunk Alert: $alertName$", "body":"<pre>The alert condition for ''$name$'' was triggered.</pre>", "fromEmail":"wms-tools-noreply@rndc-usa.com", "toEmail":"wmsinternal@RNDC-USA.COM, WMSMSPSupport@RNDC-USA.COM", "ccEmail":"", "footer":"", "attachment":["link-to-alert","link-to-results", "inline-table"] }, "sql":"SELECT Substr(profile_id, 1, 3) ''WHSE'', static_route_id, ext_threshold ''THRESHOLD_VALUE'' FROM default_routing.RTG_STATIC_ROUTE WHERE ext_threshold IS NULL AND profile_id = ''$orgId_Org_Profile'' " } | P17: =newreqtype!D6 -> db-alert-static-route-missing-threshold | Q17: ="update app.warehouselocationdetail set payload = '" & O17 & "' where warehouseid = (select w.warehouseid from app.warehouselocation w where w.warehouseshortname='"&A17&"') and requesttypeid=(select rt.requesttypeid from app.requesttype rt where rt.description='"&P17& "');" -> update app.warehouselocationdetail set payload = '{ "alertName":"STATIC ROUTE MISSING THRESHOLD VALUE", "dataSource":"MAWM", "database":{ "connection":"MAPRD_NEW", "type":"MySQL", "uri":"jdbc:{host}:{port}/information_schema" }, "email":{ "subject":"Splunk Alert: $alertName$", "body":"<pre>The alert condition for ''$name$'' was triggered.</pre>", "fromEmail":"wms-tools-noreply@rndc-usa.com", "toEmail":"wmsinternal@RNDC-USA.COM, WMSMSPSupport@RNDC-USA.COM", "ccEmail":"", "footer":"", "attachment":["link-to-alert","link-to-results", "inline-table"] }, "sql":"SELECT Substr(profile_id, 1, 3) ''WHSE'', static_route_id, ext_threshold ''THRESHOLD_VALUE'' FROM default_routing.RTG_STATIC_ROUTE WHERE ext_threshold IS NULL AND profile_id = ''$orgId_Org_Profile'' " }' where warehouseid = (select w.warehouseid from app.warehouselocation w where w.warehouseshortname='HOU') and requesttypeid=(select rt.requesttypeid from app.requesttype rt where rt.description='db-alert-static-route-missing-threshold'); | R17: FALSE | S17: FALSE
A18: IND | B18: =B17 -> STATIC ROUTE MISSING THRESHOLD VALUE | C18: MAWM | D18: MAPRD_NEW | E18: MySQL | F18: jdbc:{host}:{port}/information_schema | G18: Splunk Alert: $alertName$ | H18: <pre>The alert condition for ''$name$'' was triggered.</pre> | I18: wms-tools-noreply@rndc-usa.com | J18: wmsinternal@RNDC-USA.COM, WMSMSPSupport@RNDC-USA.COM | M18: ["link-to-alert","link-to-results", "inline-table"] | N18: SELECT Substr(profile_id, 1, 3) ''WHSE'', static_route_id, ext_threshold ''THRESHOLD_VALUE'' FROM default_routing.RTG_STATIC_ROUTE WHERE ext_threshold IS NULL AND profile_id = ''$orgId_Org_Profile'' | O18: ="{ ""alertName"":""" &B18& """, ""dataSource"":""" &C18&""", ""database"":{ ""connection"":""" &D18& """, ""type"":""" &E18& """, ""uri"":""" &F18& """ }, ""email"":{ ""subject"":""" &G18& """, ""body"":""" &H18& """, ""fromEmail"":""" &I18& """, ""toEmail"":""" &J18& """, ""ccEmail"":""" &K18& """, ""footer"":""" &L18& """, ""attachment"":" &M18& " }, ""sql"":""" &N18& """ }" -> { "alertName":"STATIC ROUTE MISSING THRESHOLD VALUE", "dataSource":"MAWM", "database":{ "connection":"MAPRD_NEW", "type":"MySQL", "uri":"jdbc:{host}:{port}/information_schema" }, "email":{ "subject":"Splunk Alert: $alertName$", "body":"<pre>The alert condition for ''$name$'' was triggered.</pre>", "fromEmail":"wms-tools-noreply@rndc-usa.com", "toEmail":"wmsinternal@RNDC-USA.COM, WMSMSPSupport@RNDC-USA.COM", "ccEmail":"", "footer":"", "attachment":["link-to-alert","link-to-results", "inline-table"] }, "sql":"SELECT Substr(profile_id, 1, 3) ''WHSE'', static_route_id, ext_threshold ''THRESHOLD_VALUE'' FROM default_routing.RTG_STATIC_ROUTE WHERE ext_threshold IS NULL AND profile_id = ''$orgId_Org_Profile'' " } | P18: =newreqtype!D6 -> db-alert-static-route-missing-threshold | Q18: ="update app.warehouselocationdetail set payload = '" & O18 & "' where warehouseid = (select w.warehouseid from app.warehouselocation w where w.warehouseshortname='"&A18&"') and requesttypeid=(select rt.requesttypeid from app.requesttype rt where rt.description='"&P18& "');" -> update app.warehouselocationdetail set payload = '{ "alertName":"STATIC ROUTE MISSING THRESHOLD VALUE", "dataSource":"MAWM", "database":{ "connection":"MAPRD_NEW", "type":"MySQL", "uri":"jdbc:{host}:{port}/information_schema" }, "email":{ "subject":"Splunk Alert: $alertName$", "body":"<pre>The alert condition for ''$name$'' was triggered.</pre>", "fromEmail":"wms-tools-noreply@rndc-usa.com", "toEmail":"wmsinternal@RNDC-USA.COM, WMSMSPSupport@RNDC-USA.COM", "ccEmail":"", "footer":"", "attachment":["link-to-alert","link-to-results", "inline-table"] }, "sql":"SELECT Substr(profile_id, 1, 3) ''WHSE'', static_route_id, ext_threshold ''THRESHOLD_VALUE'' FROM default_routing.RTG_STATIC_ROUTE WHERE ext_threshold IS NULL AND profile_id = ''$orgId_Org_Profile'' " }' where warehouseid = (select w.warehouseid from app.warehouselocation w where w.warehouseshortname='IND') and requesttypeid=(select rt.requesttypeid from app.requesttype rt where rt.description='db-alert-static-route-missing-threshold'); | R18: FALSE | S18: FALSE
